filename,numVertices,numEdges,kWeight,maxIterations,removeVerticesPercentage,destructionMethod,reconstructionMethod,runtime(ms),size,,size,size
w_adjnoun.txt,112,481,0.1,160,0.2,RANDOM_BASED_DESTRUCTION,RANDOM_BASED_RECONSTRUCTION,148,19,,,
w_adjnoun.txt,112,481,0.1,160,0.2,RANDOM_BASED_DESTRUCTION,EDGE_BASED_RECONSTRUCTION,42,18,,,
w_adjnoun.txt,112,481,0.1,160,0.2,RANDOM_BASED_DESTRUCTION,CONTRIBUTION_BASED_RECONSTRUCTION,37,18,,,
w_adjnoun.txt,112,481,0.1,160,0.2,RANDOM_BASED_DESTRUCTION,COMPLETE_BASED_RECONSTRUCTION,145,19,,,
w_adjnoun.txt,112,481,0.1,160,0.2,EDGE_BASED_DESTRUCTION,RANDOM_BASED_RECONSTRUCTION,150,18,,,
w_adjnoun.txt,112,481,0.1,160,0.2,EDGE_BASED_DESTRUCTION,EDGE_BASED_RECONSTRUCTION,23,19,,,
w_adjnoun.txt,112,481,0.1,160,0.2,EDGE_BASED_DESTRUCTION,CONTRIBUTION_BASED_RECONSTRUCTION,52,18,,,
w_adjnoun.txt,112,481,0.1,160,0.2,EDGE_BASED_DESTRUCTION,COMPLETE_BASED_RECONSTRUCTION,272,18,,,
w_adjnoun.txt,112,481,0.1,160,0.2,CONTRIBUTION_BASED_DESTRUCTION,RANDOM_BASED_RECONSTRUCTION,177,18,,,
w_adjnoun.txt,112,481,0.1,160,0.2,CONTRIBUTION_BASED_DESTRUCTION,EDGE_BASED_RECONSTRUCTION,40,19,,,
w_adjnoun.txt,112,481,0.1,160,0.2,CONTRIBUTION_BASED_DESTRUCTION,CONTRIBUTION_BASED_RECONSTRUCTION,41,18,,,
w_adjnoun.txt,112,481,0.1,160,0.2,CONTRIBUTION_BASED_DESTRUCTION,COMPLETE_BASED_RECONSTRUCTION,342,18,,,
w_adjnoun.txt,112,481,0.1,160,0.2,COMPLETE_BASED_DESTRUCTION,RANDOM_BASED_RECONSTRUCTION,180,18,,,
w_adjnoun.txt,112,481,0.1,160,0.2,COMPLETE_BASED_DESTRUCTION,EDGE_BASED_RECONSTRUCTION,77,18,,,
w_adjnoun.txt,112,481,0.1,160,0.2,COMPLETE_BASED_DESTRUCTION,CONTRIBUTION_BASED_RECONSTRUCTION,76,18,,,
w_adjnoun.txt,112,481,0.1,160,0.2,COMPLETE_BASED_DESTRUCTION,COMPLETE_BASED_RECONSTRUCTION,177,18,,,
w_adjnoun.txt,112,481,0.25,160,0.2,RANDOM_BASED_DESTRUCTION,RANDOM_BASED_RECONSTRUCTION,118,22,,,
w_adjnoun.txt,112,481,0.25,160,0.2,RANDOM_BASED_DESTRUCTION,EDGE_BASED_RECONSTRUCTION,36,21,,,
w_adjnoun.txt,112,481,0.25,160,0.2,RANDOM_BASED_DESTRUCTION,CONTRIBUTION_BASED_RECONSTRUCTION,41,21,,,
w_adjnoun.txt,112,481,0.25,160,0.2,RANDOM_BASED_DESTRUCTION,COMPLETE_BASED_RECONSTRUCTION,196,21,,,
w_adjnoun.txt,112,481,0.25,160,0.2,EDGE_BASED_DESTRUCTION,RANDOM_BASED_RECONSTRUCTION,285,21,,,
w_adjnoun.txt,112,481,0.25,160,0.2,EDGE_BASED_DESTRUCTION,EDGE_BASED_RECONSTRUCTION,50,22,,,
w_adjnoun.txt,112,481,0.25,160,0.2,EDGE_BASED_DESTRUCTION,CONTRIBUTION_BASED_RECONSTRUCTION,51,21,,,
w_adjnoun.txt,112,481,0.25,160,0.2,EDGE_BASED_DESTRUCTION,COMPLETE_BASED_RECONSTRUCTION,715,21,,,
w_adjnoun.txt,112,481,0.25,160,0.2,CONTRIBUTION_BASED_DESTRUCTION,RANDOM_BASED_RECONSTRUCTION,228,21,,,
w_adjnoun.txt,112,481,0.25,160,0.2,CONTRIBUTION_BASED_DESTRUCTION,EDGE_BASED_RECONSTRUCTION,36,21,,,
w_adjnoun.txt,112,481,0.25,160,0.2,CONTRIBUTION_BASED_DESTRUCTION,CONTRIBUTION_BASED_RECONSTRUCTION,36,21,,,
w_adjnoun.txt,112,481,0.25,160,0.2,CONTRIBUTION_BASED_DESTRUCTION,COMPLETE_BASED_RECONSTRUCTION,402,22,,,
w_adjnoun.txt,112,481,0.25,160,0.2,COMPLETE_BASED_DESTRUCTION,RANDOM_BASED_RECONSTRUCTION,214,23,,,
w_adjnoun.txt,112,481,0.25,160,0.2,COMPLETE_BASED_DESTRUCTION,EDGE_BASED_RECONSTRUCTION,78,23,,,
w_adjnoun.txt,112,481,0.25,160,0.2,COMPLETE_BASED_DESTRUCTION,CONTRIBUTION_BASED_RECONSTRUCTION,82,21,,,
w_adjnoun.txt,112,481,0.25,160,0.2,COMPLETE_BASED_DESTRUCTION,COMPLETE_BASED_RECONSTRUCTION,143,22,,,
w_adjnoun.txt,112,481,0.5,160,0.2,RANDOM_BASED_DESTRUCTION,RANDOM_BASED_RECONSTRUCTION,107,28,,,
w_adjnoun.txt,112,481,0.5,160,0.2,RANDOM_BASED_DESTRUCTION,EDGE_BASED_RECONSTRUCTION,35,28,,,
w_adjnoun.txt,112,481,0.5,160,0.2,RANDOM_BASED_DESTRUCTION,CONTRIBUTION_BASED_RECONSTRUCTION,35,28,,,
w_adjnoun.txt,112,481,0.5,160,0.2,RANDOM_BASED_DESTRUCTION,COMPLETE_BASED_RECONSTRUCTION,268,28,,,
w_adjnoun.txt,112,481,0.5,160,0.2,EDGE_BASED_DESTRUCTION,RANDOM_BASED_RECONSTRUCTION,247,28,,,
w_adjnoun.txt,112,481,0.5,160,0.2,EDGE_BASED_DESTRUCTION,EDGE_BASED_RECONSTRUCTION,37,28,,,
w_adjnoun.txt,112,481,0.5,160,0.2,EDGE_BASED_DESTRUCTION,CONTRIBUTION_BASED_RECONSTRUCTION,41,28,,,
w_adjnoun.txt,112,481,0.5,160,0.2,EDGE_BASED_DESTRUCTION,COMPLETE_BASED_RECONSTRUCTION,602,28,,,
w_adjnoun.txt,112,481,0.5,160,0.2,CONTRIBUTION_BASED_DESTRUCTION,RANDOM_BASED_RECONSTRUCTION,294,28,,,
w_adjnoun.txt,112,481,0.5,160,0.2,CONTRIBUTION_BASED_DESTRUCTION,EDGE_BASED_RECONSTRUCTION,42,28,,,
w_adjnoun.txt,112,481,0.5,160,0.2,CONTRIBUTION_BASED_DESTRUCTION,CONTRIBUTION_BASED_RECONSTRUCTION,44,28,,,
w_adjnoun.txt,112,481,0.5,160,0.2,CONTRIBUTION_BASED_DESTRUCTION,COMPLETE_BASED_RECONSTRUCTION,535,28,,,
w_adjnoun.txt,112,481,0.5,160,0.2,COMPLETE_BASED_DESTRUCTION,RANDOM_BASED_RECONSTRUCTION,309,28,,,
w_adjnoun.txt,112,481,0.5,160,0.2,COMPLETE_BASED_DESTRUCTION,EDGE_BASED_RECONSTRUCTION,118,28,,,
w_adjnoun.txt,112,481,0.5,160,0.2,COMPLETE_BASED_DESTRUCTION,CONTRIBUTION_BASED_RECONSTRUCTION,117,28,,,
w_adjnoun.txt,112,481,0.5,160,0.2,COMPLETE_BASED_DESTRUCTION,COMPLETE_BASED_RECONSTRUCTION,291,28,,,
w_adjnoun.txt,112,481,0.75,160,0.2,RANDOM_BASED_DESTRUCTION,RANDOM_BASED_RECONSTRUCTION,183,37,,,
w_adjnoun.txt,112,481,0.75,160,0.2,RANDOM_BASED_DESTRUCTION,EDGE_BASED_RECONSTRUCTION,49,37,,,
w_adjnoun.txt,112,481,0.75,160,0.2,RANDOM_BASED_DESTRUCTION,CONTRIBUTION_BASED_RECONSTRUCTION,49,37,,,
w_adjnoun.txt,112,481,0.75,160,0.2,RANDOM_BASED_DESTRUCTION,COMPLETE_BASED_RECONSTRUCTION,2027,36,,,
w_adjnoun.txt,112,481,0.75,160,0.2,EDGE_BASED_DESTRUCTION,RANDOM_BASED_RECONSTRUCTION,319,37,,,
w_adjnoun.txt,112,481,0.75,160,0.2,EDGE_BASED_DESTRUCTION,EDGE_BASED_RECONSTRUCTION,63,37,,,
w_adjnoun.txt,112,481,0.75,160,0.2,EDGE_BASED_DESTRUCTION,CONTRIBUTION_BASED_RECONSTRUCTION,65,36,,,
w_adjnoun.txt,112,481,0.75,160,0.2,EDGE_BASED_DESTRUCTION,COMPLETE_BASED_RECONSTRUCTION,1419,36,,,
w_adjnoun.txt,112,481,0.75,160,0.2,CONTRIBUTION_BASED_DESTRUCTION,RANDOM_BASED_RECONSTRUCTION,316,36,,,
w_adjnoun.txt,112,481,0.75,160,0.2,CONTRIBUTION_BASED_DESTRUCTION,EDGE_BASED_RECONSTRUCTION,77,36,,,
w_adjnoun.txt,112,481,0.75,160,0.2,CONTRIBUTION_BASED_DESTRUCTION,CONTRIBUTION_BASED_RECONSTRUCTION,77,36,,,
w_adjnoun.txt,112,481,0.75,160,0.2,CONTRIBUTION_BASED_DESTRUCTION,COMPLETE_BASED_RECONSTRUCTION,834,39,,,
w_adjnoun.txt,112,481,0.75,160,0.2,COMPLETE_BASED_DESTRUCTION,RANDOM_BASED_RECONSTRUCTION,359,37,,,
w_adjnoun.txt,112,481,0.75,160,0.2,COMPLETE_BASED_DESTRUCTION,EDGE_BASED_RECONSTRUCTION,201,39,,,
w_adjnoun.txt,112,481,0.75,160,0.2,COMPLETE_BASED_DESTRUCTION,CONTRIBUTION_BASED_RECONSTRUCTION,200,38,,,
w_adjnoun.txt,112,481,0.75,160,0.2,COMPLETE_BASED_DESTRUCTION,COMPLETE_BASED_RECONSTRUCTION,378,38,,,
w_adjnoun.txt,112,481,1.0,160,0.2,RANDOM_BASED_DESTRUCTION,RANDOM_BASED_RECONSTRUCTION,187,46,,,
w_adjnoun.txt,112,481,1.0,160,0.2,RANDOM_BASED_DESTRUCTION,EDGE_BASED_RECONSTRUCTION,68,47,,,
w_adjnoun.txt,112,481,1.0,160,0.2,RANDOM_BASED_DESTRUCTION,CONTRIBUTION_BASED_RECONSTRUCTION,69,47,,,
w_adjnoun.txt,112,481,1.0,160,0.2,RANDOM_BASED_DESTRUCTION,COMPLETE_BASED_RECONSTRUCTION,2302,45,,,
w_adjnoun.txt,112,481,1.0,160,0.2,EDGE_BASED_DESTRUCTION,RANDOM_BASED_RECONSTRUCTION,317,46,,,
w_adjnoun.txt,112,481,1.0,160,0.2,EDGE_BASED_DESTRUCTION,EDGE_BASED_RECONSTRUCTION,73,47,,,
w_adjnoun.txt,112,481,1.0,160,0.2,EDGE_BASED_DESTRUCTION,CONTRIBUTION_BASED_RECONSTRUCTION,75,45,,,
w_adjnoun.txt,112,481,1.0,160,0.2,EDGE_BASED_DESTRUCTION,COMPLETE_BASED_RECONSTRUCTION,1371,46,,,
w_adjnoun.txt,112,481,1.0,160,0.2,CONTRIBUTION_BASED_DESTRUCTION,RANDOM_BASED_RECONSTRUCTION,323,46,,,
w_adjnoun.txt,112,481,1.0,160,0.2,CONTRIBUTION_BASED_DESTRUCTION,EDGE_BASED_RECONSTRUCTION,89,46,,,
w_adjnoun.txt,112,481,1.0,160,0.2,CONTRIBUTION_BASED_DESTRUCTION,CONTRIBUTION_BASED_RECONSTRUCTION,91,47,,,
w_adjnoun.txt,112,481,1.0,160,0.2,CONTRIBUTION_BASED_DESTRUCTION,COMPLETE_BASED_RECONSTRUCTION,1153,47,,,
w_adjnoun.txt,112,481,1.0,160,0.2,COMPLETE_BASED_DESTRUCTION,RANDOM_BASED_RECONSTRUCTION,461,45,,,
w_adjnoun.txt,112,481,1.0,160,0.2,COMPLETE_BASED_DESTRUCTION,EDGE_BASED_RECONSTRUCTION,296,47,,,
w_adjnoun.txt,112,481,1.0,160,0.2,COMPLETE_BASED_DESTRUCTION,CONTRIBUTION_BASED_RECONSTRUCTION,307,46,,,
w_adjnoun.txt,112,481,1.0,160,0.2,COMPLETE_BASED_DESTRUCTION,COMPLETE_BASED_RECONSTRUCTION,521,45,,,
w_david.txt,87,449,0.1,160,0.2,RANDOM_BASED_DESTRUCTION,RANDOM_BASED_RECONSTRUCTION,3,2,,,
w_david.txt,87,449,0.1,160,0.2,RANDOM_BASED_DESTRUCTION,EDGE_BASED_RECONSTRUCTION,1,2,,,
w_david.txt,87,449,0.1,160,0.2,RANDOM_BASED_DESTRUCTION,CONTRIBUTION_BASED_RECONSTRUCTION,1,2,,,
w_david.txt,87,449,0.1,160,0.2,RANDOM_BASED_DESTRUCTION,COMPLETE_BASED_RECONSTRUCTION,1,2,,,
w_david.txt,87,449,0.1,160,0.2,EDGE_BASED_DESTRUCTION,RANDOM_BASED_RECONSTRUCTION,1,2,,,
w_david.txt,87,449,0.1,160,0.2,EDGE_BASED_DESTRUCTION,EDGE_BASED_RECONSTRUCTION,1,2,,,
w_david.txt,87,449,0.1,160,0.2,EDGE_BASED_DESTRUCTION,CONTRIBUTION_BASED_RECONSTRUCTION,2,2,,,
w_david.txt,87,449,0.1,160,0.2,EDGE_BASED_DESTRUCTION,COMPLETE_BASED_RECONSTRUCTION,1,2,,,
w_david.txt,87,449,0.1,160,0.2,CONTRIBUTION_BASED_DESTRUCTION,RANDOM_BASED_RECONSTRUCTION,1,2,,,
w_david.txt,87,449,0.1,160,0.2,CONTRIBUTION_BASED_DESTRUCTION,EDGE_BASED_RECONSTRUCTION,2,2,,,
w_david.txt,87,449,0.1,160,0.2,CONTRIBUTION_BASED_DESTRUCTION,CONTRIBUTION_BASED_RECONSTRUCTION,1,2,,,
w_david.txt,87,449,0.1,160,0.2,CONTRIBUTION_BASED_DESTRUCTION,COMPLETE_BASED_RECONSTRUCTION,2,2,,,
w_david.txt,87,449,0.1,160,0.2,COMPLETE_BASED_DESTRUCTION,RANDOM_BASED_RECONSTRUCTION,1,2,,,
w_david.txt,87,449,0.1,160,0.2,COMPLETE_BASED_DESTRUCTION,EDGE_BASED_RECONSTRUCTION,2,2,,,
w_david.txt,87,449,0.1,160,0.2,COMPLETE_BASED_DESTRUCTION,CONTRIBUTION_BASED_RECONSTRUCTION,1,2,,,
w_david.txt,87,449,0.1,160,0.2,COMPLETE_BASED_DESTRUCTION,COMPLETE_BASED_RECONSTRUCTION,1,2,,,
w_david.txt,87,449,0.25,160,0.2,RANDOM_BASED_DESTRUCTION,RANDOM_BASED_RECONSTRUCTION,19,8,,,
w_david.txt,87,449,0.25,160,0.2,RANDOM_BASED_DESTRUCTION,EDGE_BASED_RECONSTRUCTION,10,8,,,
w_david.txt,87,449,0.25,160,0.2,RANDOM_BASED_DESTRUCTION,CONTRIBUTION_BASED_RECONSTRUCTION,5,8,,,
w_david.txt,87,449,0.25,160,0.2,RANDOM_BASED_DESTRUCTION,COMPLETE_BASED_RECONSTRUCTION,16,8,,,
w_david.txt,87,449,0.25,160,0.2,EDGE_BASED_DESTRUCTION,RANDOM_BASED_RECONSTRUCTION,121,8,,,
w_david.txt,87,449,0.25,160,0.2,EDGE_BASED_DESTRUCTION,EDGE_BASED_RECONSTRUCTION,6,8,,,
w_david.txt,87,449,0.25,160,0.2,EDGE_BASED_DESTRUCTION,CONTRIBUTION_BASED_RECONSTRUCTION,6,8,,,
w_david.txt,87,449,0.25,160,0.2,EDGE_BASED_DESTRUCTION,COMPLETE_BASED_RECONSTRUCTION,48,8,,,
w_david.txt,87,449,0.25,160,0.2,CONTRIBUTION_BASED_DESTRUCTION,RANDOM_BASED_RECONSTRUCTION,104,8,,,
w_david.txt,87,449,0.25,160,0.2,CONTRIBUTION_BASED_DESTRUCTION,EDGE_BASED_RECONSTRUCTION,6,8,,,
w_david.txt,87,449,0.25,160,0.2,CONTRIBUTION_BASED_DESTRUCTION,CONTRIBUTION_BASED_RECONSTRUCTION,9,8,,,
w_david.txt,87,449,0.25,160,0.2,CONTRIBUTION_BASED_DESTRUCTION,COMPLETE_BASED_RECONSTRUCTION,46,8,,,
w_david.txt,87,449,0.25,160,0.2,COMPLETE_BASED_DESTRUCTION,RANDOM_BASED_RECONSTRUCTION,88,8,,,
w_david.txt,87,449,0.25,160,0.2,COMPLETE_BASED_DESTRUCTION,EDGE_BASED_RECONSTRUCTION,11,8,,,
w_david.txt,87,449,0.25,160,0.2,COMPLETE_BASED_DESTRUCTION,CONTRIBUTION_BASED_RECONSTRUCTION,13,8,,,
w_david.txt,87,449,0.25,160,0.2,COMPLETE_BASED_DESTRUCTION,COMPLETE_BASED_RECONSTRUCTION,51,8,,,
w_david.txt,87,449,0.5,160,0.2,RANDOM_BASED_DESTRUCTION,RANDOM_BASED_RECONSTRUCTION,41,15,,,
w_david.txt,87,449,0.5,160,0.2,RANDOM_BASED_DESTRUCTION,EDGE_BASED_RECONSTRUCTION,16,15,,,
w_david.txt,87,449,0.5,160,0.2,RANDOM_BASED_DESTRUCTION,CONTRIBUTION_BASED_RECONSTRUCTION,13,15,,,
w_david.txt,87,449,0.5,160,0.2,RANDOM_BASED_DESTRUCTION,COMPLETE_BASED_RECONSTRUCTION,52,15,,,
w_david.txt,87,449,0.5,160,0.2,EDGE_BASED_DESTRUCTION,RANDOM_BASED_RECONSTRUCTION,155,15,,,
w_david.txt,87,449,0.5,160,0.2,EDGE_BASED_DESTRUCTION,EDGE_BASED_RECONSTRUCTION,14,15,,,
w_david.txt,87,449,0.5,160,0.2,EDGE_BASED_DESTRUCTION,CONTRIBUTION_BASED_RECONSTRUCTION,20,15,,,
w_david.txt,87,449,0.5,160,0.2,EDGE_BASED_DESTRUCTION,COMPLETE_BASED_RECONSTRUCTION,180,15,,,
w_david.txt,87,449,0.5,160,0.2,CONTRIBUTION_BASED_DESTRUCTION,RANDOM_BASED_RECONSTRUCTION,162,15,,,
w_david.txt,87,449,0.5,160,0.2,CONTRIBUTION_BASED_DESTRUCTION,EDGE_BASED_RECONSTRUCTION,23,15,,,
w_david.txt,87,449,0.5,160,0.2,CONTRIBUTION_BASED_DESTRUCTION,CONTRIBUTION_BASED_RECONSTRUCTION,21,15,,,
w_david.txt,87,449,0.5,160,0.2,CONTRIBUTION_BASED_DESTRUCTION,COMPLETE_BASED_RECONSTRUCTION,135,15,,,
w_david.txt,87,449,0.5,160,0.2,COMPLETE_BASED_DESTRUCTION,RANDOM_BASED_RECONSTRUCTION,159,15,,,
w_david.txt,87,449,0.5,160,0.2,COMPLETE_BASED_DESTRUCTION,EDGE_BASED_RECONSTRUCTION,38,15,,,
w_david.txt,87,449,0.5,160,0.2,COMPLETE_BASED_DESTRUCTION,CONTRIBUTION_BASED_RECONSTRUCTION,37,15,,,
w_david.txt,87,449,0.5,160,0.2,COMPLETE_BASED_DESTRUCTION,COMPLETE_BASED_RECONSTRUCTION,131,15,,,
w_david.txt,87,449,0.75,160,0.2,RANDOM_BASED_DESTRUCTION,RANDOM_BASED_RECONSTRUCTION,70,23,,,
w_david.txt,87,449,0.75,160,0.2,RANDOM_BASED_DESTRUCTION,EDGE_BASED_RECONSTRUCTION,27,23,,,
w_david.txt,87,449,0.75,160,0.2,RANDOM_BASED_DESTRUCTION,CONTRIBUTION_BASED_RECONSTRUCTION,28,24,,,
w_david.txt,87,449,0.75,160,0.2,RANDOM_BASED_DESTRUCTION,COMPLETE_BASED_RECONSTRUCTION,148,23,,,
w_david.txt,87,449,0.75,160,0.2,EDGE_BASED_DESTRUCTION,RANDOM_BASED_RECONSTRUCTION,169,23,,,
w_david.txt,87,449,0.75,160,0.2,EDGE_BASED_DESTRUCTION,EDGE_BASED_RECONSTRUCTION,30,24,,,
w_david.txt,87,449,0.75,160,0.2,EDGE_BASED_DESTRUCTION,CONTRIBUTION_BASED_RECONSTRUCTION,32,24,,,
w_david.txt,87,449,0.75,160,0.2,EDGE_BASED_DESTRUCTION,COMPLETE_BASED_RECONSTRUCTION,338,23,,,
w_david.txt,87,449,0.75,160,0.2,CONTRIBUTION_BASED_DESTRUCTION,RANDOM_BASED_RECONSTRUCTION,171,23,,,
w_david.txt,87,449,0.75,160,0.2,CONTRIBUTION_BASED_DESTRUCTION,EDGE_BASED_RECONSTRUCTION,35,23,,,
w_david.txt,87,449,0.75,160,0.2,CONTRIBUTION_BASED_DESTRUCTION,CONTRIBUTION_BASED_RECONSTRUCTION,36,24,,,
w_david.txt,87,449,0.75,160,0.2,CONTRIBUTION_BASED_DESTRUCTION,COMPLETE_BASED_RECONSTRUCTION,207,24,,,
w_david.txt,87,449,0.75,160,0.2,COMPLETE_BASED_DESTRUCTION,RANDOM_BASED_RECONSTRUCTION,182,23,,,
w_david.txt,87,449,0.75,160,0.2,COMPLETE_BASED_DESTRUCTION,EDGE_BASED_RECONSTRUCTION,65,23,,,
w_david.txt,87,449,0.75,160,0.2,COMPLETE_BASED_DESTRUCTION,CONTRIBUTION_BASED_RECONSTRUCTION,69,24,,,
w_david.txt,87,449,0.75,160,0.2,COMPLETE_BASED_DESTRUCTION,COMPLETE_BASED_RECONSTRUCTION,179,23,,,
w_david.txt,87,449,1.0,160,0.2,RANDOM_BASED_DESTRUCTION,RANDOM_BASED_RECONSTRUCTION,90,28,,,
w_david.txt,87,449,1.0,160,0.2,RANDOM_BASED_DESTRUCTION,EDGE_BASED_RECONSTRUCTION,37,28,,,
w_david.txt,87,449,1.0,160,0.2,RANDOM_BASED_DESTRUCTION,CONTRIBUTION_BASED_RECONSTRUCTION,35,28,,,
w_david.txt,87,449,1.0,160,0.2,RANDOM_BASED_DESTRUCTION,COMPLETE_BASED_RECONSTRUCTION,341,29,,,
w_david.txt,87,449,1.0,160,0.2,EDGE_BASED_DESTRUCTION,RANDOM_BASED_RECONSTRUCTION,191,30,,,
w_david.txt,87,449,1.0,160,0.2,EDGE_BASED_DESTRUCTION,EDGE_BASED_RECONSTRUCTION,38,28,,,
w_david.txt,87,449,1.0,160,0.2,EDGE_BASED_DESTRUCTION,CONTRIBUTION_BASED_RECONSTRUCTION,40,28,,,
w_david.txt,87,449,1.0,160,0.2,EDGE_BASED_DESTRUCTION,COMPLETE_BASED_RECONSTRUCTION,608,28,,,
w_david.txt,87,449,1.0,160,0.2,CONTRIBUTION_BASED_DESTRUCTION,RANDOM_BASED_RECONSTRUCTION,186,29,,,
w_david.txt,87,449,1.0,160,0.2,CONTRIBUTION_BASED_DESTRUCTION,EDGE_BASED_RECONSTRUCTION,43,29,,,
w_david.txt,87,449,1.0,160,0.2,CONTRIBUTION_BASED_DESTRUCTION,CONTRIBUTION_BASED_RECONSTRUCTION,46,28,,,
w_david.txt,87,449,1.0,160,0.2,CONTRIBUTION_BASED_DESTRUCTION,COMPLETE_BASED_RECONSTRUCTION,425,28,,,
w_david.txt,87,449,1.0,160,0.2,COMPLETE_BASED_DESTRUCTION,RANDOM_BASED_RECONSTRUCTION,215,29,,,
w_david.txt,87,449,1.0,160,0.2,COMPLETE_BASED_DESTRUCTION,EDGE_BASED_RECONSTRUCTION,91,28,,,
w_david.txt,87,449,1.0,160,0.2,COMPLETE_BASED_DESTRUCTION,CONTRIBUTION_BASED_RECONSTRUCTION,107,29,,,
w_david.txt,87,449,1.0,160,0.2,COMPLETE_BASED_DESTRUCTION,COMPLETE_BASED_RECONSTRUCTION,246,28,,,
w_dolphins.txt,62,190,0.1,160,0.2,RANDOM_BASED_DESTRUCTION,RANDOM_BASED_RECONSTRUCTION,62,15,,,
w_dolphins.txt,62,190,0.1,160,0.2,RANDOM_BASED_DESTRUCTION,EDGE_BASED_RECONSTRUCTION,23,15,,,
w_dolphins.txt,62,190,0.1,160,0.2,RANDOM_BASED_DESTRUCTION,CONTRIBUTION_BASED_RECONSTRUCTION,18,14,,,
w_dolphins.txt,62,190,0.1,160,0.2,RANDOM_BASED_DESTRUCTION,COMPLETE_BASED_RECONSTRUCTION,34,14,,,
w_dolphins.txt,62,190,0.1,160,0.2,EDGE_BASED_DESTRUCTION,RANDOM_BASED_RECONSTRUCTION,71,15,,,
w_dolphins.txt,62,190,0.1,160,0.2,EDGE_BASED_DESTRUCTION,EDGE_BASED_RECONSTRUCTION,17,14,,,
w_dolphins.txt,62,190,0.1,160,0.2,EDGE_BASED_DESTRUCTION,CONTRIBUTION_BASED_RECONSTRUCTION,14,14,,,
w_dolphins.txt,62,190,0.1,160,0.2,EDGE_BASED_DESTRUCTION,COMPLETE_BASED_RECONSTRUCTION,119,14,,,
w_dolphins.txt,62,190,0.1,160,0.2,CONTRIBUTION_BASED_DESTRUCTION,RANDOM_BASED_RECONSTRUCTION,33,14,,,
w_dolphins.txt,62,190,0.1,160,0.2,CONTRIBUTION_BASED_DESTRUCTION,EDGE_BASED_RECONSTRUCTION,10,14,,,
w_dolphins.txt,62,190,0.1,160,0.2,CONTRIBUTION_BASED_DESTRUCTION,CONTRIBUTION_BASED_RECONSTRUCTION,11,14,,,
w_dolphins.txt,62,190,0.1,160,0.2,CONTRIBUTION_BASED_DESTRUCTION,COMPLETE_BASED_RECONSTRUCTION,103,15,,,
w_dolphins.txt,62,190,0.1,160,0.2,COMPLETE_BASED_DESTRUCTION,RANDOM_BASED_RECONSTRUCTION,57,14,,,
w_dolphins.txt,62,190,0.1,160,0.2,COMPLETE_BASED_DESTRUCTION,EDGE_BASED_RECONSTRUCTION,31,15,,,
w_dolphins.txt,62,190,0.1,160,0.2,COMPLETE_BASED_DESTRUCTION,CONTRIBUTION_BASED_RECONSTRUCTION,35,14,,,
w_dolphins.txt,62,190,0.1,160,0.2,COMPLETE_BASED_DESTRUCTION,COMPLETE_BASED_RECONSTRUCTION,65,14,,,
w_dolphins.txt,62,190,0.25,160,0.2,RANDOM_BASED_DESTRUCTION,RANDOM_BASED_RECONSTRUCTION,24,17,,,
w_dolphins.txt,62,190,0.25,160,0.2,RANDOM_BASED_DESTRUCTION,EDGE_BASED_RECONSTRUCTION,11,19,,,
w_dolphins.txt,62,190,0.25,160,0.2,RANDOM_BASED_DESTRUCTION,CONTRIBUTION_BASED_RECONSTRUCTION,10,17,,,
w_dolphins.txt,62,190,0.25,160,0.2,RANDOM_BASED_DESTRUCTION,COMPLETE_BASED_RECONSTRUCTION,144,17,,,
w_dolphins.txt,62,190,0.25,160,0.2,EDGE_BASED_DESTRUCTION,RANDOM_BASED_RECONSTRUCTION,68,19,,,
w_dolphins.txt,62,190,0.25,160,0.2,EDGE_BASED_DESTRUCTION,EDGE_BASED_RECONSTRUCTION,15,17,,,
w_dolphins.txt,62,190,0.25,160,0.2,EDGE_BASED_DESTRUCTION,CONTRIBUTION_BASED_RECONSTRUCTION,14,19,,,
w_dolphins.txt,62,190,0.25,160,0.2,EDGE_BASED_DESTRUCTION,COMPLETE_BASED_RECONSTRUCTION,137,17,,,
w_dolphins.txt,62,190,0.25,160,0.2,CONTRIBUTION_BASED_DESTRUCTION,RANDOM_BASED_RECONSTRUCTION,64,17,,,
w_dolphins.txt,62,190,0.25,160,0.2,CONTRIBUTION_BASED_DESTRUCTION,EDGE_BASED_RECONSTRUCTION,11,17,,,
w_dolphins.txt,62,190,0.25,160,0.2,CONTRIBUTION_BASED_DESTRUCTION,CONTRIBUTION_BASED_RECONSTRUCTION,12,19,,,
w_dolphins.txt,62,190,0.25,160,0.2,CONTRIBUTION_BASED_DESTRUCTION,COMPLETE_BASED_RECONSTRUCTION,89,17,,,
w_dolphins.txt,62,190,0.25,160,0.2,COMPLETE_BASED_DESTRUCTION,RANDOM_BASED_RECONSTRUCTION,70,17,,,
w_dolphins.txt,62,190,0.25,160,0.2,COMPLETE_BASED_DESTRUCTION,EDGE_BASED_RECONSTRUCTION,30,19,,,
w_dolphins.txt,62,190,0.25,160,0.2,COMPLETE_BASED_DESTRUCTION,CONTRIBUTION_BASED_RECONSTRUCTION,28,19,,,
w_dolphins.txt,62,190,0.25,160,0.2,COMPLETE_BASED_DESTRUCTION,COMPLETE_BASED_RECONSTRUCTION,89,19,,,
w_dolphins.txt,62,190,0.5,160,0.2,RANDOM_BASED_DESTRUCTION,RANDOM_BASED_RECONSTRUCTION,24,19,,,
w_dolphins.txt,62,190,0.5,160,0.2,RANDOM_BASED_DESTRUCTION,EDGE_BASED_RECONSTRUCTION,10,19,,,
w_dolphins.txt,62,190,0.5,160,0.2,RANDOM_BASED_DESTRUCTION,CONTRIBUTION_BASED_RECONSTRUCTION,9,20,,,
w_dolphins.txt,62,190,0.5,160,0.2,RANDOM_BASED_DESTRUCTION,COMPLETE_BASED_RECONSTRUCTION,86,20,,,
w_dolphins.txt,62,190,0.5,160,0.2,EDGE_BASED_DESTRUCTION,RANDOM_BASED_RECONSTRUCTION,65,21,,,
w_dolphins.txt,62,190,0.5,160,0.2,EDGE_BASED_DESTRUCTION,EDGE_BASED_RECONSTRUCTION,13,19,,,
w_dolphins.txt,62,190,0.5,160,0.2,EDGE_BASED_DESTRUCTION,CONTRIBUTION_BASED_RECONSTRUCTION,12,19,,,
w_dolphins.txt,62,190,0.5,160,0.2,EDGE_BASED_DESTRUCTION,COMPLETE_BASED_RECONSTRUCTION,162,19,,,
w_dolphins.txt,62,190,0.5,160,0.2,CONTRIBUTION_BASED_DESTRUCTION,RANDOM_BASED_RECONSTRUCTION,64,20,,,
w_dolphins.txt,62,190,0.5,160,0.2,CONTRIBUTION_BASED_DESTRUCTION,EDGE_BASED_RECONSTRUCTION,15,19,,,
w_dolphins.txt,62,190,0.5,160,0.2,CONTRIBUTION_BASED_DESTRUCTION,CONTRIBUTION_BASED_RECONSTRUCTION,17,19,,,
w_dolphins.txt,62,190,0.5,160,0.2,CONTRIBUTION_BASED_DESTRUCTION,COMPLETE_BASED_RECONSTRUCTION,118,19,,,
w_dolphins.txt,62,190,0.5,160,0.2,COMPLETE_BASED_DESTRUCTION,RANDOM_BASED_RECONSTRUCTION,76,19,,,
w_dolphins.txt,62,190,0.5,160,0.2,COMPLETE_BASED_DESTRUCTION,EDGE_BASED_RECONSTRUCTION,39,19,,,
w_dolphins.txt,62,190,0.5,160,0.2,COMPLETE_BASED_DESTRUCTION,CONTRIBUTION_BASED_RECONSTRUCTION,41,19,,,
w_dolphins.txt,62,190,0.5,160,0.2,COMPLETE_BASED_DESTRUCTION,COMPLETE_BASED_RECONSTRUCTION,90,19,,,
w_dolphins.txt,62,190,0.75,160,0.2,RANDOM_BASED_DESTRUCTION,RANDOM_BASED_RECONSTRUCTION,33,25,,,
w_dolphins.txt,62,190,0.75,160,0.2,RANDOM_BASED_DESTRUCTION,EDGE_BASED_RECONSTRUCTION,13,26,,,
w_dolphins.txt,62,190,0.75,160,0.2,RANDOM_BASED_DESTRUCTION,CONTRIBUTION_BASED_RECONSTRUCTION,16,25,,,
w_dolphins.txt,62,190,0.75,160,0.2,RANDOM_BASED_DESTRUCTION,COMPLETE_BASED_RECONSTRUCTION,195,26,,,
w_dolphins.txt,62,190,0.75,160,0.2,EDGE_BASED_DESTRUCTION,RANDOM_BASED_RECONSTRUCTION,67,25,,,
w_dolphins.txt,62,190,0.75,160,0.2,EDGE_BASED_DESTRUCTION,EDGE_BASED_RECONSTRUCTION,16,26,,,
w_dolphins.txt,62,190,0.75,160,0.2,EDGE_BASED_DESTRUCTION,CONTRIBUTION_BASED_RECONSTRUCTION,15,25,,,
w_dolphins.txt,62,190,0.75,160,0.2,EDGE_BASED_DESTRUCTION,COMPLETE_BASED_RECONSTRUCTION,269,25,,,
w_dolphins.txt,62,190,0.75,160,0.2,CONTRIBUTION_BASED_DESTRUCTION,RANDOM_BASED_RECONSTRUCTION,67,26,,,
w_dolphins.txt,62,190,0.75,160,0.2,CONTRIBUTION_BASED_DESTRUCTION,EDGE_BASED_RECONSTRUCTION,21,25,,,
w_dolphins.txt,62,190,0.75,160,0.2,CONTRIBUTION_BASED_DESTRUCTION,CONTRIBUTION_BASED_RECONSTRUCTION,20,25,,,
w_dolphins.txt,62,190,0.75,160,0.2,CONTRIBUTION_BASED_DESTRUCTION,COMPLETE_BASED_RECONSTRUCTION,210,27,,,
w_dolphins.txt,62,190,0.75,160,0.2,COMPLETE_BASED_DESTRUCTION,RANDOM_BASED_RECONSTRUCTION,130,25,,,
w_dolphins.txt,62,190,0.75,160,0.2,COMPLETE_BASED_DESTRUCTION,EDGE_BASED_RECONSTRUCTION,60,25,,,
w_dolphins.txt,62,190,0.75,160,0.2,COMPLETE_BASED_DESTRUCTION,CONTRIBUTION_BASED_RECONSTRUCTION,65,28,,,
w_dolphins.txt,62,190,0.75,160,0.2,COMPLETE_BASED_DESTRUCTION,COMPLETE_BASED_RECONSTRUCTION,127,27,,,
w_dolphins.txt,62,190,1.0,160,0.2,RANDOM_BASED_DESTRUCTION,RANDOM_BASED_RECONSTRUCTION,43,29,,,
w_dolphins.txt,62,190,1.0,160,0.2,RANDOM_BASED_DESTRUCTION,EDGE_BASED_RECONSTRUCTION,17,29,,,
w_dolphins.txt,62,190,1.0,160,0.2,RANDOM_BASED_DESTRUCTION,CONTRIBUTION_BASED_RECONSTRUCTION,19,29,,,
w_dolphins.txt,62,190,1.0,160,0.2,RANDOM_BASED_DESTRUCTION,COMPLETE_BASED_RECONSTRUCTION,288,29,,,
w_dolphins.txt,62,190,1.0,160,0.2,EDGE_BASED_DESTRUCTION,RANDOM_BASED_RECONSTRUCTION,67,29,,,
w_dolphins.txt,62,190,1.0,160,0.2,EDGE_BASED_DESTRUCTION,EDGE_BASED_RECONSTRUCTION,20,29,,,
w_dolphins.txt,62,190,1.0,160,0.2,EDGE_BASED_DESTRUCTION,CONTRIBUTION_BASED_RECONSTRUCTION,22,29,,,
w_dolphins.txt,62,190,1.0,160,0.2,EDGE_BASED_DESTRUCTION,COMPLETE_BASED_RECONSTRUCTION,361,31,,,
w_dolphins.txt,62,190,1.0,160,0.2,CONTRIBUTION_BASED_DESTRUCTION,RANDOM_BASED_RECONSTRUCTION,76,29,,,
w_dolphins.txt,62,190,1.0,160,0.2,CONTRIBUTION_BASED_DESTRUCTION,EDGE_BASED_RECONSTRUCTION,28,29,,,
w_dolphins.txt,62,190,1.0,160,0.2,CONTRIBUTION_BASED_DESTRUCTION,CONTRIBUTION_BASED_RECONSTRUCTION,33,29,,,
w_dolphins.txt,62,190,1.0,160,0.2,CONTRIBUTION_BASED_DESTRUCTION,COMPLETE_BASED_RECONSTRUCTION,225,30,,,
w_dolphins.txt,62,190,1.0,160,0.2,COMPLETE_BASED_DESTRUCTION,RANDOM_BASED_RECONSTRUCTION,120,29,,,
w_dolphins.txt,62,190,1.0,160,0.2,COMPLETE_BASED_DESTRUCTION,EDGE_BASED_RECONSTRUCTION,83,29,,,
w_dolphins.txt,62,190,1.0,160,0.2,COMPLETE_BASED_DESTRUCTION,CONTRIBUTION_BASED_RECONSTRUCTION,78,30,,,
w_dolphins.txt,62,190,1.0,160,0.2,COMPLETE_BASED_DESTRUCTION,COMPLETE_BASED_RECONSTRUCTION,139,31,,,
w_football.txt,115,670,0.1,160,0.2,RANDOM_BASED_DESTRUCTION,RANDOM_BASED_RECONSTRUCTION,15,14,,,
w_football.txt,115,670,0.1,160,0.2,RANDOM_BASED_DESTRUCTION,EDGE_BASED_RECONSTRUCTION,10,14,,,
w_football.txt,115,670,0.1,160,0.2,RANDOM_BASED_DESTRUCTION,CONTRIBUTION_BASED_RECONSTRUCTION,11,12,,,
w_football.txt,115,670,0.1,160,0.2,RANDOM_BASED_DESTRUCTION,COMPLETE_BASED_RECONSTRUCTION,46,12,,,
w_football.txt,115,670,0.1,160,0.2,EDGE_BASED_DESTRUCTION,RANDOM_BASED_RECONSTRUCTION,46,13,,,
w_football.txt,115,670,0.1,160,0.2,EDGE_BASED_DESTRUCTION,EDGE_BASED_RECONSTRUCTION,18,12,,,
w_football.txt,115,670,0.1,160,0.2,EDGE_BASED_DESTRUCTION,CONTRIBUTION_BASED_RECONSTRUCTION,20,13,,,
w_football.txt,115,670,0.1,160,0.2,EDGE_BASED_DESTRUCTION,COMPLETE_BASED_RECONSTRUCTION,195,12,,,
w_football.txt,115,670,0.1,160,0.2,CONTRIBUTION_BASED_DESTRUCTION,RANDOM_BASED_RECONSTRUCTION,55,13,,,
w_football.txt,115,670,0.1,160,0.2,CONTRIBUTION_BASED_DESTRUCTION,EDGE_BASED_RECONSTRUCTION,20,12,,,
w_football.txt,115,670,0.1,160,0.2,CONTRIBUTION_BASED_DESTRUCTION,CONTRIBUTION_BASED_RECONSTRUCTION,15,14,,,
w_football.txt,115,670,0.1,160,0.2,CONTRIBUTION_BASED_DESTRUCTION,COMPLETE_BASED_RECONSTRUCTION,175,12,,,
w_football.txt,115,670,0.1,160,0.2,COMPLETE_BASED_DESTRUCTION,RANDOM_BASED_RECONSTRUCTION,56,13,,,
w_football.txt,115,670,0.1,160,0.2,COMPLETE_BASED_DESTRUCTION,EDGE_BASED_RECONSTRUCTION,32,12,,,
w_football.txt,115,670,0.1,160,0.2,COMPLETE_BASED_DESTRUCTION,CONTRIBUTION_BASED_RECONSTRUCTION,43,12,,,
w_football.txt,115,670,0.1,160,0.2,COMPLETE_BASED_DESTRUCTION,COMPLETE_BASED_RECONSTRUCTION,102,12,,,
w_football.txt,115,670,0.25,160,0.2,RANDOM_BASED_DESTRUCTION,RANDOM_BASED_RECONSTRUCTION,25,15,,,
w_football.txt,115,670,0.25,160,0.2,RANDOM_BASED_DESTRUCTION,EDGE_BASED_RECONSTRUCTION,13,15,,,
w_football.txt,115,670,0.25,160,0.2,RANDOM_BASED_DESTRUCTION,CONTRIBUTION_BASED_RECONSTRUCTION,13,14,,,
w_football.txt,115,670,0.25,160,0.2,RANDOM_BASED_DESTRUCTION,COMPLETE_BASED_RECONSTRUCTION,63,15,,,
w_football.txt,115,670,0.25,160,0.2,EDGE_BASED_DESTRUCTION,RANDOM_BASED_RECONSTRUCTION,61,15,,,
w_football.txt,115,670,0.25,160,0.2,EDGE_BASED_DESTRUCTION,EDGE_BASED_RECONSTRUCTION,23,14,,,
w_football.txt,115,670,0.25,160,0.2,EDGE_BASED_DESTRUCTION,CONTRIBUTION_BASED_RECONSTRUCTION,24,14,,,
w_football.txt,115,670,0.25,160,0.2,EDGE_BASED_DESTRUCTION,COMPLETE_BASED_RECONSTRUCTION,240,15,,,
w_football.txt,115,670,0.25,160,0.2,CONTRIBUTION_BASED_DESTRUCTION,RANDOM_BASED_RECONSTRUCTION,62,14,,,
w_football.txt,115,670,0.25,160,0.2,CONTRIBUTION_BASED_DESTRUCTION,EDGE_BASED_RECONSTRUCTION,25,14,,,
w_football.txt,115,670,0.25,160,0.2,CONTRIBUTION_BASED_DESTRUCTION,CONTRIBUTION_BASED_RECONSTRUCTION,23,14,,,
w_football.txt,115,670,0.25,160,0.2,CONTRIBUTION_BASED_DESTRUCTION,COMPLETE_BASED_RECONSTRUCTION,188,15,,,
w_football.txt,115,670,0.25,160,0.2,COMPLETE_BASED_DESTRUCTION,RANDOM_BASED_RECONSTRUCTION,77,14,,,
w_football.txt,115,670,0.25,160,0.2,COMPLETE_BASED_DESTRUCTION,EDGE_BASED_RECONSTRUCTION,48,14,,,
w_football.txt,115,670,0.25,160,0.2,COMPLETE_BASED_DESTRUCTION,CONTRIBUTION_BASED_RECONSTRUCTION,45,14,,,
w_football.txt,115,670,0.25,160,0.2,COMPLETE_BASED_DESTRUCTION,COMPLETE_BASED_RECONSTRUCTION,110,15,,,
w_football.txt,115,670,0.5,160,0.2,RANDOM_BASED_DESTRUCTION,RANDOM_BASED_RECONSTRUCTION,33,16,,,
w_football.txt,115,670,0.5,160,0.2,RANDOM_BASED_DESTRUCTION,EDGE_BASED_RECONSTRUCTION,18,18,,,
w_football.txt,115,670,0.5,160,0.2,RANDOM_BASED_DESTRUCTION,CONTRIBUTION_BASED_RECONSTRUCTION,19,17,,,
w_football.txt,115,670,0.5,160,0.2,RANDOM_BASED_DESTRUCTION,COMPLETE_BASED_RECONSTRUCTION,110,16,,,
w_football.txt,115,670,0.5,160,0.2,EDGE_BASED_DESTRUCTION,RANDOM_BASED_RECONSTRUCTION,76,17,,,
w_football.txt,115,670,0.5,160,0.2,EDGE_BASED_DESTRUCTION,EDGE_BASED_RECONSTRUCTION,25,16,,,
w_football.txt,115,670,0.5,160,0.2,EDGE_BASED_DESTRUCTION,CONTRIBUTION_BASED_RECONSTRUCTION,30,17,,,
w_football.txt,115,670,0.5,160,0.2,EDGE_BASED_DESTRUCTION,COMPLETE_BASED_RECONSTRUCTION,792,16,,,
w_football.txt,115,670,0.5,160,0.2,CONTRIBUTION_BASED_DESTRUCTION,RANDOM_BASED_RECONSTRUCTION,71,16,,,
w_football.txt,115,670,0.5,160,0.2,CONTRIBUTION_BASED_DESTRUCTION,EDGE_BASED_RECONSTRUCTION,24,17,,,
w_football.txt,115,670,0.5,160,0.2,CONTRIBUTION_BASED_DESTRUCTION,CONTRIBUTION_BASED_RECONSTRUCTION,27,17,,,
w_football.txt,115,670,0.5,160,0.2,CONTRIBUTION_BASED_DESTRUCTION,COMPLETE_BASED_RECONSTRUCTION,204,17,,,
w_football.txt,115,670,0.5,160,0.2,COMPLETE_BASED_DESTRUCTION,RANDOM_BASED_RECONSTRUCTION,92,16,,,
w_football.txt,115,670,0.5,160,0.2,COMPLETE_BASED_DESTRUCTION,EDGE_BASED_RECONSTRUCTION,53,16,,,
w_football.txt,115,670,0.5,160,0.2,COMPLETE_BASED_DESTRUCTION,CONTRIBUTION_BASED_RECONSTRUCTION,55,16,,,
w_football.txt,115,670,0.5,160,0.2,COMPLETE_BASED_DESTRUCTION,COMPLETE_BASED_RECONSTRUCTION,120,18,,,
w_football.txt,115,670,0.75,160,0.2,RANDOM_BASED_DESTRUCTION,RANDOM_BASED_RECONSTRUCTION,53,21,,,
w_football.txt,115,670,0.75,160,0.2,RANDOM_BASED_DESTRUCTION,EDGE_BASED_RECONSTRUCTION,26,22,,,
w_football.txt,115,670,0.75,160,0.2,RANDOM_BASED_DESTRUCTION,CONTRIBUTION_BASED_RECONSTRUCTION,27,21,,,
w_football.txt,115,670,0.75,160,0.2,RANDOM_BASED_DESTRUCTION,COMPLETE_BASED_RECONSTRUCTION,313,22,,,
w_football.txt,115,670,0.75,160,0.2,EDGE_BASED_DESTRUCTION,RANDOM_BASED_RECONSTRUCTION,90,21,,,
w_football.txt,115,670,0.75,160,0.2,EDGE_BASED_DESTRUCTION,EDGE_BASED_RECONSTRUCTION,40,23,,,
w_football.txt,115,670,0.75,160,0.2,EDGE_BASED_DESTRUCTION,CONTRIBUTION_BASED_RECONSTRUCTION,42,23,,,
w_football.txt,115,670,0.75,160,0.2,EDGE_BASED_DESTRUCTION,COMPLETE_BASED_RECONSTRUCTION,523,21,,,
w_football.txt,115,670,0.75,160,0.2,CONTRIBUTION_BASED_DESTRUCTION,RANDOM_BASED_RECONSTRUCTION,97,22,,,
w_football.txt,115,670,0.75,160,0.2,CONTRIBUTION_BASED_DESTRUCTION,EDGE_BASED_RECONSTRUCTION,37,21,,,
w_football.txt,115,670,0.75,160,0.2,CONTRIBUTION_BASED_DESTRUCTION,CONTRIBUTION_BASED_RECONSTRUCTION,50,21,,,
w_football.txt,115,670,0.75,160,0.2,CONTRIBUTION_BASED_DESTRUCTION,COMPLETE_BASED_RECONSTRUCTION,486,22,,,
w_football.txt,115,670,0.75,160,0.2,COMPLETE_BASED_DESTRUCTION,RANDOM_BASED_RECONSTRUCTION,145,21,,,
w_football.txt,115,670,0.75,160,0.2,COMPLETE_BASED_DESTRUCTION,EDGE_BASED_RECONSTRUCTION,80,23,,,
w_football.txt,115,670,0.75,160,0.2,COMPLETE_BASED_DESTRUCTION,CONTRIBUTION_BASED_RECONSTRUCTION,103,21,,,
w_football.txt,115,670,0.75,160,0.2,COMPLETE_BASED_DESTRUCTION,COMPLETE_BASED_RECONSTRUCTION,179,22,,,
w_football.txt,115,670,1.0,160,0.2,RANDOM_BASED_DESTRUCTION,RANDOM_BASED_RECONSTRUCTION,69,27,,,
w_football.txt,115,670,1.0,160,0.2,RANDOM_BASED_DESTRUCTION,EDGE_BASED_RECONSTRUCTION,30,25,,,
w_football.txt,115,670,1.0,160,0.2,RANDOM_BASED_DESTRUCTION,CONTRIBUTION_BASED_RECONSTRUCTION,28,26,,,
w_football.txt,115,670,1.0,160,0.2,RANDOM_BASED_DESTRUCTION,COMPLETE_BASED_RECONSTRUCTION,274,27,,,
w_football.txt,115,670,1.0,160,0.2,EDGE_BASED_DESTRUCTION,RANDOM_BASED_RECONSTRUCTION,114,26,,,
w_football.txt,115,670,1.0,160,0.2,EDGE_BASED_DESTRUCTION,EDGE_BASED_RECONSTRUCTION,60,25,,,
w_football.txt,115,670,1.0,160,0.2,EDGE_BASED_DESTRUCTION,CONTRIBUTION_BASED_RECONSTRUCTION,60,25,,,
w_football.txt,115,670,1.0,160,0.2,EDGE_BASED_DESTRUCTION,COMPLETE_BASED_RECONSTRUCTION,1795,26,,,
w_football.txt,115,670,1.0,160,0.2,CONTRIBUTION_BASED_DESTRUCTION,RANDOM_BASED_RECONSTRUCTION,134,26,,,
w_football.txt,115,670,1.0,160,0.2,CONTRIBUTION_BASED_DESTRUCTION,EDGE_BASED_RECONSTRUCTION,58,26,,,
w_football.txt,115,670,1.0,160,0.2,CONTRIBUTION_BASED_DESTRUCTION,CONTRIBUTION_BASED_RECONSTRUCTION,72,25,,,
w_football.txt,115,670,1.0,160,0.2,CONTRIBUTION_BASED_DESTRUCTION,COMPLETE_BASED_RECONSTRUCTION,1334,25,,,
w_football.txt,115,670,1.0,160,0.2,COMPLETE_BASED_DESTRUCTION,RANDOM_BASED_RECONSTRUCTION,209,25,,,
w_football.txt,115,670,1.0,160,0.2,COMPLETE_BASED_DESTRUCTION,EDGE_BASED_RECONSTRUCTION,133,26,,,
w_football.txt,115,670,1.0,160,0.2,COMPLETE_BASED_DESTRUCTION,CONTRIBUTION_BASED_RECONSTRUCTION,156,27,,,
w_football.txt,115,670,1.0,160,0.2,COMPLETE_BASED_DESTRUCTION,COMPLETE_BASED_RECONSTRUCTION,317,26,,,
w_huck.txt,74,338,0.1,160,0.2,RANDOM_BASED_DESTRUCTION,RANDOM_BASED_RECONSTRUCTION,8,9,,,
w_huck.txt,74,338,0.1,160,0.2,RANDOM_BASED_DESTRUCTION,EDGE_BASED_RECONSTRUCTION,5,9,,,
w_huck.txt,74,338,0.1,160,0.2,RANDOM_BASED_DESTRUCTION,CONTRIBUTION_BASED_RECONSTRUCTION,3,9,,,
w_huck.txt,74,338,0.1,160,0.2,RANDOM_BASED_DESTRUCTION,COMPLETE_BASED_RECONSTRUCTION,7,9,,,
w_huck.txt,74,338,0.1,160,0.2,EDGE_BASED_DESTRUCTION,RANDOM_BASED_RECONSTRUCTION,56,9,,,
w_huck.txt,74,338,0.1,160,0.2,EDGE_BASED_DESTRUCTION,EDGE_BASED_RECONSTRUCTION,5,9,,,
w_huck.txt,74,338,0.1,160,0.2,EDGE_BASED_DESTRUCTION,CONTRIBUTION_BASED_RECONSTRUCTION,5,9,,,
w_huck.txt,74,338,0.1,160,0.2,EDGE_BASED_DESTRUCTION,COMPLETE_BASED_RECONSTRUCTION,34,9,,,
w_huck.txt,74,338,0.1,160,0.2,CONTRIBUTION_BASED_DESTRUCTION,RANDOM_BASED_RECONSTRUCTION,37,9,,,
w_huck.txt,74,338,0.1,160,0.2,CONTRIBUTION_BASED_DESTRUCTION,EDGE_BASED_RECONSTRUCTION,6,9,,,
w_huck.txt,74,338,0.1,160,0.2,CONTRIBUTION_BASED_DESTRUCTION,CONTRIBUTION_BASED_RECONSTRUCTION,6,9,,,
w_huck.txt,74,338,0.1,160,0.2,CONTRIBUTION_BASED_DESTRUCTION,COMPLETE_BASED_RECONSTRUCTION,37,9,,,
w_huck.txt,74,338,0.1,160,0.2,COMPLETE_BASED_DESTRUCTION,RANDOM_BASED_RECONSTRUCTION,39,9,,,
w_huck.txt,74,338,0.1,160,0.2,COMPLETE_BASED_DESTRUCTION,EDGE_BASED_RECONSTRUCTION,9,9,,,
w_huck.txt,74,338,0.1,160,0.2,COMPLETE_BASED_DESTRUCTION,CONTRIBUTION_BASED_RECONSTRUCTION,9,9,,,
w_huck.txt,74,338,0.1,160,0.2,COMPLETE_BASED_DESTRUCTION,COMPLETE_BASED_RECONSTRUCTION,42,9,,,
w_huck.txt,74,338,0.25,160,0.2,RANDOM_BASED_DESTRUCTION,RANDOM_BASED_RECONSTRUCTION,16,12,,,
w_huck.txt,74,338,0.25,160,0.2,RANDOM_BASED_DESTRUCTION,EDGE_BASED_RECONSTRUCTION,7,12,,,
w_huck.txt,74,338,0.25,160,0.2,RANDOM_BASED_DESTRUCTION,CONTRIBUTION_BASED_RECONSTRUCTION,6,12,,,
w_huck.txt,74,338,0.25,160,0.2,RANDOM_BASED_DESTRUCTION,COMPLETE_BASED_RECONSTRUCTION,21,12,,,
w_huck.txt,74,338,0.25,160,0.2,EDGE_BASED_DESTRUCTION,RANDOM_BASED_RECONSTRUCTION,92,12,,,
w_huck.txt,74,338,0.25,160,0.2,EDGE_BASED_DESTRUCTION,EDGE_BASED_RECONSTRUCTION,10,12,,,
w_huck.txt,74,338,0.25,160,0.2,EDGE_BASED_DESTRUCTION,CONTRIBUTION_BASED_RECONSTRUCTION,9,12,,,
w_huck.txt,74,338,0.25,160,0.2,EDGE_BASED_DESTRUCTION,COMPLETE_BASED_RECONSTRUCTION,62,12,,,
w_huck.txt,74,338,0.25,160,0.2,CONTRIBUTION_BASED_DESTRUCTION,RANDOM_BASED_RECONSTRUCTION,90,12,,,
w_huck.txt,74,338,0.25,160,0.2,CONTRIBUTION_BASED_DESTRUCTION,EDGE_BASED_RECONSTRUCTION,8,12,,,
w_huck.txt,74,338,0.25,160,0.2,CONTRIBUTION_BASED_DESTRUCTION,CONTRIBUTION_BASED_RECONSTRUCTION,12,12,,,
w_huck.txt,74,338,0.25,160,0.2,CONTRIBUTION_BASED_DESTRUCTION,COMPLETE_BASED_RECONSTRUCTION,60,12,,,
w_huck.txt,74,338,0.25,160,0.2,COMPLETE_BASED_DESTRUCTION,RANDOM_BASED_RECONSTRUCTION,90,12,,,
w_huck.txt,74,338,0.25,160,0.2,COMPLETE_BASED_DESTRUCTION,EDGE_BASED_RECONSTRUCTION,18,12,,,
w_huck.txt,74,338,0.25,160,0.2,COMPLETE_BASED_DESTRUCTION,CONTRIBUTION_BASED_RECONSTRUCTION,19,12,,,
w_huck.txt,74,338,0.25,160,0.2,COMPLETE_BASED_DESTRUCTION,COMPLETE_BASED_RECONSTRUCTION,41,12,,,
w_huck.txt,74,338,0.5,160,0.2,RANDOM_BASED_DESTRUCTION,RANDOM_BASED_RECONSTRUCTION,39,18,,,
w_huck.txt,74,338,0.5,160,0.2,RANDOM_BASED_DESTRUCTION,EDGE_BASED_RECONSTRUCTION,11,19,,,
w_huck.txt,74,338,0.5,160,0.2,RANDOM_BASED_DESTRUCTION,CONTRIBUTION_BASED_RECONSTRUCTION,11,18,,,
w_huck.txt,74,338,0.5,160,0.2,RANDOM_BASED_DESTRUCTION,COMPLETE_BASED_RECONSTRUCTION,66,19,,,
w_huck.txt,74,338,0.5,160,0.2,EDGE_BASED_DESTRUCTION,RANDOM_BASED_RECONSTRUCTION,116,18,,,
w_huck.txt,74,338,0.5,160,0.2,EDGE_BASED_DESTRUCTION,EDGE_BASED_RECONSTRUCTION,14,18,,,
w_huck.txt,74,338,0.5,160,0.2,EDGE_BASED_DESTRUCTION,CONTRIBUTION_BASED_RECONSTRUCTION,11,18,,,
w_huck.txt,74,338,0.5,160,0.2,EDGE_BASED_DESTRUCTION,COMPLETE_BASED_RECONSTRUCTION,114,19,,,
w_huck.txt,74,338,0.5,160,0.2,CONTRIBUTION_BASED_DESTRUCTION,RANDOM_BASED_RECONSTRUCTION,126,19,,,
w_huck.txt,74,338,0.5,160,0.2,CONTRIBUTION_BASED_DESTRUCTION,EDGE_BASED_RECONSTRUCTION,12,18,,,
w_huck.txt,74,338,0.5,160,0.2,CONTRIBUTION_BASED_DESTRUCTION,CONTRIBUTION_BASED_RECONSTRUCTION,15,18,,,
w_huck.txt,74,338,0.5,160,0.2,CONTRIBUTION_BASED_DESTRUCTION,COMPLETE_BASED_RECONSTRUCTION,105,18,,,
w_huck.txt,74,338,0.5,160,0.2,COMPLETE_BASED_DESTRUCTION,RANDOM_BASED_RECONSTRUCTION,122,18,,,
w_huck.txt,74,338,0.5,160,0.2,COMPLETE_BASED_DESTRUCTION,EDGE_BASED_RECONSTRUCTION,30,18,,,
w_huck.txt,74,338,0.5,160,0.2,COMPLETE_BASED_DESTRUCTION,CONTRIBUTION_BASED_RECONSTRUCTION,30,18,,,
w_huck.txt,74,338,0.5,160,0.2,COMPLETE_BASED_DESTRUCTION,COMPLETE_BASED_RECONSTRUCTION,97,18,,,
w_huck.txt,74,338,0.75,160,0.2,RANDOM_BASED_DESTRUCTION,RANDOM_BASED_RECONSTRUCTION,52,22,,,
w_huck.txt,74,338,0.75,160,0.2,RANDOM_BASED_DESTRUCTION,EDGE_BASED_RECONSTRUCTION,16,23,,,
w_huck.txt,74,338,0.75,160,0.2,RANDOM_BASED_DESTRUCTION,CONTRIBUTION_BASED_RECONSTRUCTION,14,22,,,
w_huck.txt,74,338,0.75,160,0.2,RANDOM_BASED_DESTRUCTION,COMPLETE_BASED_RECONSTRUCTION,119,22,,,
w_huck.txt,74,338,0.75,160,0.2,EDGE_BASED_DESTRUCTION,RANDOM_BASED_RECONSTRUCTION,128,22,,,
w_huck.txt,74,338,0.75,160,0.2,EDGE_BASED_DESTRUCTION,EDGE_BASED_RECONSTRUCTION,17,22,,,
w_huck.txt,74,338,0.75,160,0.2,EDGE_BASED_DESTRUCTION,CONTRIBUTION_BASED_RECONSTRUCTION,17,22,,,
w_huck.txt,74,338,0.75,160,0.2,EDGE_BASED_DESTRUCTION,COMPLETE_BASED_RECONSTRUCTION,180,23,,,
w_huck.txt,74,338,0.75,160,0.2,CONTRIBUTION_BASED_DESTRUCTION,RANDOM_BASED_RECONSTRUCTION,135,22,,,
w_huck.txt,74,338,0.75,160,0.2,CONTRIBUTION_BASED_DESTRUCTION,EDGE_BASED_RECONSTRUCTION,24,22,,,
w_huck.txt,74,338,0.75,160,0.2,CONTRIBUTION_BASED_DESTRUCTION,CONTRIBUTION_BASED_RECONSTRUCTION,26,22,,,
w_huck.txt,74,338,0.75,160,0.2,CONTRIBUTION_BASED_DESTRUCTION,COMPLETE_BASED_RECONSTRUCTION,150,22,,,
w_huck.txt,74,338,0.75,160,0.2,COMPLETE_BASED_DESTRUCTION,RANDOM_BASED_RECONSTRUCTION,137,23,,,
w_huck.txt,74,338,0.75,160,0.2,COMPLETE_BASED_DESTRUCTION,EDGE_BASED_RECONSTRUCTION,46,22,,,
w_huck.txt,74,338,0.75,160,0.2,COMPLETE_BASED_DESTRUCTION,CONTRIBUTION_BASED_RECONSTRUCTION,50,23,,,
w_huck.txt,74,338,0.75,160,0.2,COMPLETE_BASED_DESTRUCTION,COMPLETE_BASED_RECONSTRUCTION,120,23,,,
w_huck.txt,74,338,1.0,160,0.2,RANDOM_BASED_DESTRUCTION,RANDOM_BASED_RECONSTRUCTION,71,27,,,
w_huck.txt,74,338,1.0,160,0.2,RANDOM_BASED_DESTRUCTION,EDGE_BASED_RECONSTRUCTION,19,26,,,
w_huck.txt,74,338,1.0,160,0.2,RANDOM_BASED_DESTRUCTION,CONTRIBUTION_BASED_RECONSTRUCTION,20,27,,,
w_huck.txt,74,338,1.0,160,0.2,RANDOM_BASED_DESTRUCTION,COMPLETE_BASED_RECONSTRUCTION,210,27,,,
w_huck.txt,74,338,1.0,160,0.2,EDGE_BASED_DESTRUCTION,RANDOM_BASED_RECONSTRUCTION,131,26,,,
w_huck.txt,74,338,1.0,160,0.2,EDGE_BASED_DESTRUCTION,EDGE_BASED_RECONSTRUCTION,21,27,,,
w_huck.txt,74,338,1.0,160,0.2,EDGE_BASED_DESTRUCTION,CONTRIBUTION_BASED_RECONSTRUCTION,25,27,,,
w_huck.txt,74,338,1.0,160,0.2,EDGE_BASED_DESTRUCTION,COMPLETE_BASED_RECONSTRUCTION,270,26,,,
w_huck.txt,74,338,1.0,160,0.2,CONTRIBUTION_BASED_DESTRUCTION,RANDOM_BASED_RECONSTRUCTION,135,26,,,
w_huck.txt,74,338,1.0,160,0.2,CONTRIBUTION_BASED_DESTRUCTION,EDGE_BASED_RECONSTRUCTION,27,27,,,
w_huck.txt,74,338,1.0,160,0.2,CONTRIBUTION_BASED_DESTRUCTION,CONTRIBUTION_BASED_RECONSTRUCTION,32,27,,,
w_huck.txt,74,338,1.0,160,0.2,CONTRIBUTION_BASED_DESTRUCTION,COMPLETE_BASED_RECONSTRUCTION,197,27,,,
w_huck.txt,74,338,1.0,160,0.2,COMPLETE_BASED_DESTRUCTION,RANDOM_BASED_RECONSTRUCTION,164,26,,,
w_huck.txt,74,338,1.0,160,0.2,COMPLETE_BASED_DESTRUCTION,EDGE_BASED_RECONSTRUCTION,71,26,,,
w_huck.txt,74,338,1.0,160,0.2,COMPLETE_BASED_DESTRUCTION,CONTRIBUTION_BASED_RECONSTRUCTION,71,26,,,
w_huck.txt,74,338,1.0,160,0.2,COMPLETE_BASED_DESTRUCTION,COMPLETE_BASED_RECONSTRUCTION,156,26,,,
w_lesmis.txt,77,292,0.1,160,0.2,RANDOM_BASED_DESTRUCTION,RANDOM_BASED_RECONSTRUCTION,56,11,,,
w_lesmis.txt,77,292,0.1,160,0.2,RANDOM_BASED_DESTRUCTION,EDGE_BASED_RECONSTRUCTION,13,10,,,
w_lesmis.txt,77,292,0.1,160,0.2,RANDOM_BASED_DESTRUCTION,CONTRIBUTION_BASED_RECONSTRUCTION,15,10,,,
w_lesmis.txt,77,292,0.1,160,0.2,RANDOM_BASED_DESTRUCTION,COMPLETE_BASED_RECONSTRUCTION,52,10,,,
w_lesmis.txt,77,292,0.1,160,0.2,EDGE_BASED_DESTRUCTION,RANDOM_BASED_RECONSTRUCTION,154,10,,,
w_lesmis.txt,77,292,0.1,160,0.2,EDGE_BASED_DESTRUCTION,EDGE_BASED_RECONSTRUCTION,16,11,,,
w_lesmis.txt,77,292,0.1,160,0.2,EDGE_BASED_DESTRUCTION,CONTRIBUTION_BASED_RECONSTRUCTION,14,11,,,
w_lesmis.txt,77,292,0.1,160,0.2,EDGE_BASED_DESTRUCTION,COMPLETE_BASED_RECONSTRUCTION,94,10,,,
w_lesmis.txt,77,292,0.1,160,0.2,CONTRIBUTION_BASED_DESTRUCTION,RANDOM_BASED_RECONSTRUCTION,90,10,,,
w_lesmis.txt,77,292,0.1,160,0.2,CONTRIBUTION_BASED_DESTRUCTION,EDGE_BASED_RECONSTRUCTION,10,10,,,
w_lesmis.txt,77,292,0.1,160,0.2,CONTRIBUTION_BASED_DESTRUCTION,CONTRIBUTION_BASED_RECONSTRUCTION,13,11,,,
w_lesmis.txt,77,292,0.1,160,0.2,CONTRIBUTION_BASED_DESTRUCTION,COMPLETE_BASED_RECONSTRUCTION,97,11,,,
w_lesmis.txt,77,292,0.1,160,0.2,COMPLETE_BASED_DESTRUCTION,RANDOM_BASED_RECONSTRUCTION,79,10,,,
w_lesmis.txt,77,292,0.1,160,0.2,COMPLETE_BASED_DESTRUCTION,EDGE_BASED_RECONSTRUCTION,26,11,,,
w_lesmis.txt,77,292,0.1,160,0.2,COMPLETE_BASED_DESTRUCTION,CONTRIBUTION_BASED_RECONSTRUCTION,27,11,,,
w_lesmis.txt,77,292,0.1,160,0.2,COMPLETE_BASED_DESTRUCTION,COMPLETE_BASED_RECONSTRUCTION,72,11,,,
w_lesmis.txt,77,292,0.25,160,0.2,RANDOM_BASED_DESTRUCTION,RANDOM_BASED_RECONSTRUCTION,59,17,,,
w_lesmis.txt,77,292,0.25,160,0.2,RANDOM_BASED_DESTRUCTION,EDGE_BASED_RECONSTRUCTION,15,18,,,
w_lesmis.txt,77,292,0.25,160,0.2,RANDOM_BASED_DESTRUCTION,CONTRIBUTION_BASED_RECONSTRUCTION,15,17,,,
w_lesmis.txt,77,292,0.25,160,0.2,RANDOM_BASED_DESTRUCTION,COMPLETE_BASED_RECONSTRUCTION,97,17,,,
w_lesmis.txt,77,292,0.25,160,0.2,EDGE_BASED_DESTRUCTION,RANDOM_BASED_RECONSTRUCTION,120,17,,,
w_lesmis.txt,77,292,0.25,160,0.2,EDGE_BASED_DESTRUCTION,EDGE_BASED_RECONSTRUCTION,13,17,,,
w_lesmis.txt,77,292,0.25,160,0.2,EDGE_BASED_DESTRUCTION,CONTRIBUTION_BASED_RECONSTRUCTION,15,18,,,
w_lesmis.txt,77,292,0.25,160,0.2,EDGE_BASED_DESTRUCTION,COMPLETE_BASED_RECONSTRUCTION,135,17,,,
w_lesmis.txt,77,292,0.25,160,0.2,CONTRIBUTION_BASED_DESTRUCTION,RANDOM_BASED_RECONSTRUCTION,126,18,,,
w_lesmis.txt,77,292,0.25,160,0.2,CONTRIBUTION_BASED_DESTRUCTION,EDGE_BASED_RECONSTRUCTION,12,17,,,
w_lesmis.txt,77,292,0.25,160,0.2,CONTRIBUTION_BASED_DESTRUCTION,CONTRIBUTION_BASED_RECONSTRUCTION,13,18,,,
w_lesmis.txt,77,292,0.25,160,0.2,CONTRIBUTION_BASED_DESTRUCTION,COMPLETE_BASED_RECONSTRUCTION,110,18,,,
w_lesmis.txt,77,292,0.25,160,0.2,COMPLETE_BASED_DESTRUCTION,RANDOM_BASED_RECONSTRUCTION,117,17,,,
w_lesmis.txt,77,292,0.25,160,0.2,COMPLETE_BASED_DESTRUCTION,EDGE_BASED_RECONSTRUCTION,30,17,,,
w_lesmis.txt,77,292,0.25,160,0.2,COMPLETE_BASED_DESTRUCTION,CONTRIBUTION_BASED_RECONSTRUCTION,30,17,,,
w_lesmis.txt,77,292,0.25,160,0.2,COMPLETE_BASED_DESTRUCTION,COMPLETE_BASED_RECONSTRUCTION,103,17,,,
w_lesmis.txt,77,292,0.5,160,0.2,RANDOM_BASED_DESTRUCTION,RANDOM_BASED_RECONSTRUCTION,57,23,,,
w_lesmis.txt,77,292,0.5,160,0.2,RANDOM_BASED_DESTRUCTION,EDGE_BASED_RECONSTRUCTION,13,23,,,
w_lesmis.txt,77,292,0.5,160,0.2,RANDOM_BASED_DESTRUCTION,CONTRIBUTION_BASED_RECONSTRUCTION,14,23,,,
w_lesmis.txt,77,292,0.5,160,0.2,RANDOM_BASED_DESTRUCTION,COMPLETE_BASED_RECONSTRUCTION,171,23,,,
w_lesmis.txt,77,292,0.5,160,0.2,EDGE_BASED_DESTRUCTION,RANDOM_BASED_RECONSTRUCTION,129,23,,,
w_lesmis.txt,77,292,0.5,160,0.2,EDGE_BASED_DESTRUCTION,EDGE_BASED_RECONSTRUCTION,18,23,,,
w_lesmis.txt,77,292,0.5,160,0.2,EDGE_BASED_DESTRUCTION,CONTRIBUTION_BASED_RECONSTRUCTION,19,23,,,
w_lesmis.txt,77,292,0.5,160,0.2,EDGE_BASED_DESTRUCTION,COMPLETE_BASED_RECONSTRUCTION,373,23,,,
w_lesmis.txt,77,292,0.5,160,0.2,CONTRIBUTION_BASED_DESTRUCTION,RANDOM_BASED_RECONSTRUCTION,180,23,,,
w_lesmis.txt,77,292,0.5,160,0.2,CONTRIBUTION_BASED_DESTRUCTION,EDGE_BASED_RECONSTRUCTION,29,23,,,
w_lesmis.txt,77,292,0.5,160,0.2,CONTRIBUTION_BASED_DESTRUCTION,CONTRIBUTION_BASED_RECONSTRUCTION,35,23,,,
w_lesmis.txt,77,292,0.5,160,0.2,CONTRIBUTION_BASED_DESTRUCTION,COMPLETE_BASED_RECONSTRUCTION,226,23,,,
w_lesmis.txt,77,292,0.5,160,0.2,COMPLETE_BASED_DESTRUCTION,RANDOM_BASED_RECONSTRUCTION,127,23,,,
w_lesmis.txt,77,292,0.5,160,0.2,COMPLETE_BASED_DESTRUCTION,EDGE_BASED_RECONSTRUCTION,47,23,,,
w_lesmis.txt,77,292,0.5,160,0.2,COMPLETE_BASED_DESTRUCTION,CONTRIBUTION_BASED_RECONSTRUCTION,48,23,,,
w_lesmis.txt,77,292,0.5,160,0.2,COMPLETE_BASED_DESTRUCTION,COMPLETE_BASED_RECONSTRUCTION,121,23,,,
w_lesmis.txt,77,292,0.75,160,0.2,RANDOM_BASED_DESTRUCTION,RANDOM_BASED_RECONSTRUCTION,86,35,,,
w_lesmis.txt,77,292,0.75,160,0.2,RANDOM_BASED_DESTRUCTION,EDGE_BASED_RECONSTRUCTION,22,34,,,
w_lesmis.txt,77,292,0.75,160,0.2,RANDOM_BASED_DESTRUCTION,CONTRIBUTION_BASED_RECONSTRUCTION,23,33,,,
w_lesmis.txt,77,292,0.75,160,0.2,RANDOM_BASED_DESTRUCTION,COMPLETE_BASED_RECONSTRUCTION,541,34,,,
w_lesmis.txt,77,292,0.75,160,0.2,EDGE_BASED_DESTRUCTION,RANDOM_BASED_RECONSTRUCTION,133,34,,,
w_lesmis.txt,77,292,0.75,160,0.2,EDGE_BASED_DESTRUCTION,EDGE_BASED_RECONSTRUCTION,27,33,,,
w_lesmis.txt,77,292,0.75,160,0.2,EDGE_BASED_DESTRUCTION,CONTRIBUTION_BASED_RECONSTRUCTION,29,33,,,
w_lesmis.txt,77,292,0.75,160,0.2,EDGE_BASED_DESTRUCTION,COMPLETE_BASED_RECONSTRUCTION,833,34,,,
w_lesmis.txt,77,292,0.75,160,0.2,CONTRIBUTION_BASED_DESTRUCTION,RANDOM_BASED_RECONSTRUCTION,142,34,,,
w_lesmis.txt,77,292,0.75,160,0.2,CONTRIBUTION_BASED_DESTRUCTION,EDGE_BASED_RECONSTRUCTION,34,34,,,
w_lesmis.txt,77,292,0.75,160,0.2,CONTRIBUTION_BASED_DESTRUCTION,CONTRIBUTION_BASED_RECONSTRUCTION,38,35,,,
w_lesmis.txt,77,292,0.75,160,0.2,CONTRIBUTION_BASED_DESTRUCTION,COMPLETE_BASED_RECONSTRUCTION,519,34,,,
w_lesmis.txt,77,292,0.75,160,0.2,COMPLETE_BASED_DESTRUCTION,RANDOM_BASED_RECONSTRUCTION,183,33,,,
w_lesmis.txt,77,292,0.75,160,0.2,COMPLETE_BASED_DESTRUCTION,EDGE_BASED_RECONSTRUCTION,98,33,,,
w_lesmis.txt,77,292,0.75,160,0.2,COMPLETE_BASED_DESTRUCTION,CONTRIBUTION_BASED_RECONSTRUCTION,115,34,,,
w_lesmis.txt,77,292,0.75,160,0.2,COMPLETE_BASED_DESTRUCTION,COMPLETE_BASED_RECONSTRUCTION,236,33,,,
w_lesmis.txt,77,292,1.0,160,0.2,RANDOM_BASED_DESTRUCTION,RANDOM_BASED_RECONSTRUCTION,103,39,,,
w_lesmis.txt,77,292,1.0,160,0.2,RANDOM_BASED_DESTRUCTION,EDGE_BASED_RECONSTRUCTION,30,39,,,
w_lesmis.txt,77,292,1.0,160,0.2,RANDOM_BASED_DESTRUCTION,CONTRIBUTION_BASED_RECONSTRUCTION,33,38,,,
w_lesmis.txt,77,292,1.0,160,0.2,RANDOM_BASED_DESTRUCTION,COMPLETE_BASED_RECONSTRUCTION,547,39,,,
w_lesmis.txt,77,292,1.0,160,0.2,EDGE_BASED_DESTRUCTION,RANDOM_BASED_RECONSTRUCTION,138,40,,,
w_lesmis.txt,77,292,1.0,160,0.2,EDGE_BASED_DESTRUCTION,EDGE_BASED_RECONSTRUCTION,35,39,,,
w_lesmis.txt,77,292,1.0,160,0.2,EDGE_BASED_DESTRUCTION,CONTRIBUTION_BASED_RECONSTRUCTION,41,38,,,
w_lesmis.txt,77,292,1.0,160,0.2,EDGE_BASED_DESTRUCTION,COMPLETE_BASED_RECONSTRUCTION,1077,39,,,
w_lesmis.txt,77,292,1.0,160,0.2,CONTRIBUTION_BASED_DESTRUCTION,RANDOM_BASED_RECONSTRUCTION,144,39,,,
w_lesmis.txt,77,292,1.0,160,0.2,CONTRIBUTION_BASED_DESTRUCTION,EDGE_BASED_RECONSTRUCTION,46,39,,,
w_lesmis.txt,77,292,1.0,160,0.2,CONTRIBUTION_BASED_DESTRUCTION,CONTRIBUTION_BASED_RECONSTRUCTION,43,39,,,
w_lesmis.txt,77,292,1.0,160,0.2,CONTRIBUTION_BASED_DESTRUCTION,COMPLETE_BASED_RECONSTRUCTION,471,38,,,
w_lesmis.txt,77,292,1.0,160,0.2,COMPLETE_BASED_DESTRUCTION,RANDOM_BASED_RECONSTRUCTION,202,38,,,
w_lesmis.txt,77,292,1.0,160,0.2,COMPLETE_BASED_DESTRUCTION,EDGE_BASED_RECONSTRUCTION,147,38,,,
w_lesmis.txt,77,292,1.0,160,0.2,COMPLETE_BASED_DESTRUCTION,CONTRIBUTION_BASED_RECONSTRUCTION,152,38,,,
w_lesmis.txt,77,292,1.0,160,0.2,COMPLETE_BASED_DESTRUCTION,COMPLETE_BASED_RECONSTRUCTION,239,38,,,
w_polbooks.txt,105,493,0.1,160,0.2,RANDOM_BASED_DESTRUCTION,RANDOM_BASED_RECONSTRUCTION,25,13,,,
w_polbooks.txt,105,493,0.1,160,0.2,RANDOM_BASED_DESTRUCTION,EDGE_BASED_RECONSTRUCTION,11,14,,,
w_polbooks.txt,105,493,0.1,160,0.2,RANDOM_BASED_DESTRUCTION,CONTRIBUTION_BASED_RECONSTRUCTION,17,14,,,
w_polbooks.txt,105,493,0.1,160,0.2,RANDOM_BASED_DESTRUCTION,COMPLETE_BASED_RECONSTRUCTION,42,13,,,
w_polbooks.txt,105,493,0.1,160,0.2,EDGE_BASED_DESTRUCTION,RANDOM_BASED_RECONSTRUCTION,106,15,,,
w_polbooks.txt,105,493,0.1,160,0.2,EDGE_BASED_DESTRUCTION,EDGE_BASED_RECONSTRUCTION,15,13,,,
w_polbooks.txt,105,493,0.1,160,0.2,EDGE_BASED_DESTRUCTION,CONTRIBUTION_BASED_RECONSTRUCTION,20,13,,,
w_polbooks.txt,105,493,0.1,160,0.2,EDGE_BASED_DESTRUCTION,COMPLETE_BASED_RECONSTRUCTION,136,13,,,
w_polbooks.txt,105,493,0.1,160,0.2,CONTRIBUTION_BASED_DESTRUCTION,RANDOM_BASED_RECONSTRUCTION,104,13,,,
w_polbooks.txt,105,493,0.1,160,0.2,CONTRIBUTION_BASED_DESTRUCTION,EDGE_BASED_RECONSTRUCTION,20,15,,,
w_polbooks.txt,105,493,0.1,160,0.2,CONTRIBUTION_BASED_DESTRUCTION,CONTRIBUTION_BASED_RECONSTRUCTION,20,13,,,
w_polbooks.txt,105,493,0.1,160,0.2,CONTRIBUTION_BASED_DESTRUCTION,COMPLETE_BASED_RECONSTRUCTION,141,13,,,
w_polbooks.txt,105,493,0.1,160,0.2,COMPLETE_BASED_DESTRUCTION,RANDOM_BASED_RECONSTRUCTION,87,13,,,
w_polbooks.txt,105,493,0.1,160,0.2,COMPLETE_BASED_DESTRUCTION,EDGE_BASED_RECONSTRUCTION,42,15,,,
w_polbooks.txt,105,493,0.1,160,0.2,COMPLETE_BASED_DESTRUCTION,CONTRIBUTION_BASED_RECONSTRUCTION,31,13,,,
w_polbooks.txt,105,493,0.1,160,0.2,COMPLETE_BASED_DESTRUCTION,COMPLETE_BASED_RECONSTRUCTION,98,14,,,
w_polbooks.txt,105,493,0.25,160,0.2,RANDOM_BASED_DESTRUCTION,RANDOM_BASED_RECONSTRUCTION,37,14,,,
w_polbooks.txt,105,493,0.25,160,0.2,RANDOM_BASED_DESTRUCTION,EDGE_BASED_RECONSTRUCTION,13,14,,,
w_polbooks.txt,105,493,0.25,160,0.2,RANDOM_BASED_DESTRUCTION,CONTRIBUTION_BASED_RECONSTRUCTION,15,14,,,
w_polbooks.txt,105,493,0.25,160,0.2,RANDOM_BASED_DESTRUCTION,COMPLETE_BASED_RECONSTRUCTION,85,14,,,
w_polbooks.txt,105,493,0.25,160,0.2,EDGE_BASED_DESTRUCTION,RANDOM_BASED_RECONSTRUCTION,94,14,,,
w_polbooks.txt,105,493,0.25,160,0.2,EDGE_BASED_DESTRUCTION,EDGE_BASED_RECONSTRUCTION,18,14,,,
w_polbooks.txt,105,493,0.25,160,0.2,EDGE_BASED_DESTRUCTION,CONTRIBUTION_BASED_RECONSTRUCTION,19,15,,,
w_polbooks.txt,105,493,0.25,160,0.2,EDGE_BASED_DESTRUCTION,COMPLETE_BASED_RECONSTRUCTION,199,14,,,
w_polbooks.txt,105,493,0.25,160,0.2,CONTRIBUTION_BASED_DESTRUCTION,RANDOM_BASED_RECONSTRUCTION,92,14,,,
w_polbooks.txt,105,493,0.25,160,0.2,CONTRIBUTION_BASED_DESTRUCTION,EDGE_BASED_RECONSTRUCTION,22,15,,,
w_polbooks.txt,105,493,0.25,160,0.2,CONTRIBUTION_BASED_DESTRUCTION,CONTRIBUTION_BASED_RECONSTRUCTION,22,14,,,
w_polbooks.txt,105,493,0.25,160,0.2,CONTRIBUTION_BASED_DESTRUCTION,COMPLETE_BASED_RECONSTRUCTION,200,14,,,
w_polbooks.txt,105,493,0.25,160,0.2,COMPLETE_BASED_DESTRUCTION,RANDOM_BASED_RECONSTRUCTION,94,15,,,
w_polbooks.txt,105,493,0.25,160,0.2,COMPLETE_BASED_DESTRUCTION,EDGE_BASED_RECONSTRUCTION,44,14,,,
w_polbooks.txt,105,493,0.25,160,0.2,COMPLETE_BASED_DESTRUCTION,CONTRIBUTION_BASED_RECONSTRUCTION,45,15,,,
w_polbooks.txt,105,493,0.25,160,0.2,COMPLETE_BASED_DESTRUCTION,COMPLETE_BASED_RECONSTRUCTION,114,14,,,
w_polbooks.txt,105,493,0.5,160,0.2,RANDOM_BASED_DESTRUCTION,RANDOM_BASED_RECONSTRUCTION,42,19,,,
w_polbooks.txt,105,493,0.5,160,0.2,RANDOM_BASED_DESTRUCTION,EDGE_BASED_RECONSTRUCTION,18,19,,,
w_polbooks.txt,105,493,0.5,160,0.2,RANDOM_BASED_DESTRUCTION,CONTRIBUTION_BASED_RECONSTRUCTION,20,19,,,
w_polbooks.txt,105,493,0.5,160,0.2,RANDOM_BASED_DESTRUCTION,COMPLETE_BASED_RECONSTRUCTION,81,19,,,
w_polbooks.txt,105,493,0.5,160,0.2,EDGE_BASED_DESTRUCTION,RANDOM_BASED_RECONSTRUCTION,136,19,,,
w_polbooks.txt,105,493,0.5,160,0.2,EDGE_BASED_DESTRUCTION,EDGE_BASED_RECONSTRUCTION,23,19,,,
w_polbooks.txt,105,493,0.5,160,0.2,EDGE_BASED_DESTRUCTION,CONTRIBUTION_BASED_RECONSTRUCTION,28,19,,,
w_polbooks.txt,105,493,0.5,160,0.2,EDGE_BASED_DESTRUCTION,COMPLETE_BASED_RECONSTRUCTION,210,19,,,
w_polbooks.txt,105,493,0.5,160,0.2,CONTRIBUTION_BASED_DESTRUCTION,RANDOM_BASED_RECONSTRUCTION,126,19,,,
w_polbooks.txt,105,493,0.5,160,0.2,CONTRIBUTION_BASED_DESTRUCTION,EDGE_BASED_RECONSTRUCTION,29,19,,,
w_polbooks.txt,105,493,0.5,160,0.2,CONTRIBUTION_BASED_DESTRUCTION,CONTRIBUTION_BASED_RECONSTRUCTION,26,19,,,
w_polbooks.txt,105,493,0.5,160,0.2,CONTRIBUTION_BASED_DESTRUCTION,COMPLETE_BASED_RECONSTRUCTION,209,19,,,
w_polbooks.txt,105,493,0.5,160,0.2,COMPLETE_BASED_DESTRUCTION,RANDOM_BASED_RECONSTRUCTION,95,19,,,
w_polbooks.txt,105,493,0.5,160,0.2,COMPLETE_BASED_DESTRUCTION,EDGE_BASED_RECONSTRUCTION,58,19,,,
w_polbooks.txt,105,493,0.5,160,0.2,COMPLETE_BASED_DESTRUCTION,CONTRIBUTION_BASED_RECONSTRUCTION,54,19,,,
w_polbooks.txt,105,493,0.5,160,0.2,COMPLETE_BASED_DESTRUCTION,COMPLETE_BASED_RECONSTRUCTION,125,19,,,
w_polbooks.txt,105,493,0.75,160,0.2,RANDOM_BASED_DESTRUCTION,RANDOM_BASED_RECONSTRUCTION,70,24,,,
w_polbooks.txt,105,493,0.75,160,0.2,RANDOM_BASED_DESTRUCTION,EDGE_BASED_RECONSTRUCTION,26,24,,,
w_polbooks.txt,105,493,0.75,160,0.2,RANDOM_BASED_DESTRUCTION,CONTRIBUTION_BASED_RECONSTRUCTION,28,23,,,
w_polbooks.txt,105,493,0.75,160,0.2,RANDOM_BASED_DESTRUCTION,COMPLETE_BASED_RECONSTRUCTION,177,24,,,
w_polbooks.txt,105,493,0.75,160,0.2,EDGE_BASED_DESTRUCTION,RANDOM_BASED_RECONSTRUCTION,170,23,,,
w_polbooks.txt,105,493,0.75,160,0.2,EDGE_BASED_DESTRUCTION,EDGE_BASED_RECONSTRUCTION,32,24,,,
w_polbooks.txt,105,493,0.75,160,0.2,EDGE_BASED_DESTRUCTION,CONTRIBUTION_BASED_RECONSTRUCTION,38,29,,,
w_polbooks.txt,105,493,0.75,160,0.2,EDGE_BASED_DESTRUCTION,COMPLETE_BASED_RECONSTRUCTION,534,23,,,
w_polbooks.txt,105,493,0.75,160,0.2,CONTRIBUTION_BASED_DESTRUCTION,RANDOM_BASED_RECONSTRUCTION,201,23,,,
w_polbooks.txt,105,493,0.75,160,0.2,CONTRIBUTION_BASED_DESTRUCTION,EDGE_BASED_RECONSTRUCTION,42,23,,,
w_polbooks.txt,105,493,0.75,160,0.2,CONTRIBUTION_BASED_DESTRUCTION,CONTRIBUTION_BASED_RECONSTRUCTION,43,23,,,
w_polbooks.txt,105,493,0.75,160,0.2,CONTRIBUTION_BASED_DESTRUCTION,COMPLETE_BASED_RECONSTRUCTION,415,24,,,
w_polbooks.txt,105,493,0.75,160,0.2,COMPLETE_BASED_DESTRUCTION,RANDOM_BASED_RECONSTRUCTION,159,23,,,
w_polbooks.txt,105,493,0.75,160,0.2,COMPLETE_BASED_DESTRUCTION,EDGE_BASED_RECONSTRUCTION,86,24,,,
w_polbooks.txt,105,493,0.75,160,0.2,COMPLETE_BASED_DESTRUCTION,CONTRIBUTION_BASED_RECONSTRUCTION,85,23,,,
w_polbooks.txt,105,493,0.75,160,0.2,COMPLETE_BASED_DESTRUCTION,COMPLETE_BASED_RECONSTRUCTION,186,23,,,
w_polbooks.txt,105,493,1.0,160,0.2,RANDOM_BASED_DESTRUCTION,RANDOM_BASED_RECONSTRUCTION,111,30,,,
w_polbooks.txt,105,493,1.0,160,0.2,RANDOM_BASED_DESTRUCTION,EDGE_BASED_RECONSTRUCTION,40,27,,,
w_polbooks.txt,105,493,1.0,160,0.2,RANDOM_BASED_DESTRUCTION,CONTRIBUTION_BASED_RECONSTRUCTION,44,27,,,
w_polbooks.txt,105,493,1.0,160,0.2,RANDOM_BASED_DESTRUCTION,COMPLETE_BASED_RECONSTRUCTION,959,29,,,
w_polbooks.txt,105,493,1.0,160,0.2,EDGE_BASED_DESTRUCTION,RANDOM_BASED_RECONSTRUCTION,228,30,,,
w_polbooks.txt,105,493,1.0,160,0.2,EDGE_BASED_DESTRUCTION,EDGE_BASED_RECONSTRUCTION,52,29,,,
w_polbooks.txt,105,493,1.0,160,0.2,EDGE_BASED_DESTRUCTION,CONTRIBUTION_BASED_RECONSTRUCTION,52,27,,,
w_polbooks.txt,105,493,1.0,160,0.2,EDGE_BASED_DESTRUCTION,COMPLETE_BASED_RECONSTRUCTION,1140,30,,,
w_polbooks.txt,105,493,1.0,160,0.2,CONTRIBUTION_BASED_DESTRUCTION,RANDOM_BASED_RECONSTRUCTION,219,27,,,
w_polbooks.txt,105,493,1.0,160,0.2,CONTRIBUTION_BASED_DESTRUCTION,EDGE_BASED_RECONSTRUCTION,60,28,,,
w_polbooks.txt,105,493,1.0,160,0.2,CONTRIBUTION_BASED_DESTRUCTION,CONTRIBUTION_BASED_RECONSTRUCTION,62,27,,,
w_polbooks.txt,105,493,1.0,160,0.2,CONTRIBUTION_BASED_DESTRUCTION,COMPLETE_BASED_RECONSTRUCTION,537,28,,,
w_polbooks.txt,105,493,1.0,160,0.2,COMPLETE_BASED_DESTRUCTION,RANDOM_BASED_RECONSTRUCTION,219,27,,,
w_polbooks.txt,105,493,1.0,160,0.2,COMPLETE_BASED_DESTRUCTION,EDGE_BASED_RECONSTRUCTION,146,27,,,
w_polbooks.txt,105,493,1.0,160,0.2,COMPLETE_BASED_DESTRUCTION,CONTRIBUTION_BASED_RECONSTRUCTION,146,28,,,
w_polbooks.txt,105,493,1.0,160,0.2,COMPLETE_BASED_DESTRUCTION,COMPLETE_BASED_RECONSTRUCTION,242,27,,,
w_zachary.txt,34,95,0.1,160,0.2,RANDOM_BASED_DESTRUCTION,RANDOM_BASED_RECONSTRUCTION,0,4,,,
w_zachary.txt,34,95,0.1,160,0.2,RANDOM_BASED_DESTRUCTION,EDGE_BASED_RECONSTRUCTION,0,4,,,
w_zachary.txt,34,95,0.1,160,0.2,RANDOM_BASED_DESTRUCTION,CONTRIBUTION_BASED_RECONSTRUCTION,0,4,,,
w_zachary.txt,34,95,0.1,160,0.2,RANDOM_BASED_DESTRUCTION,COMPLETE_BASED_RECONSTRUCTION,0,4,,,
w_zachary.txt,34,95,0.1,160,0.2,EDGE_BASED_DESTRUCTION,RANDOM_BASED_RECONSTRUCTION,1,4,,,
w_zachary.txt,34,95,0.1,160,0.2,EDGE_BASED_DESTRUCTION,EDGE_BASED_RECONSTRUCTION,0,4,,,
w_zachary.txt,34,95,0.1,160,0.2,EDGE_BASED_DESTRUCTION,CONTRIBUTION_BASED_RECONSTRUCTION,1,4,,,
w_zachary.txt,34,95,0.1,160,0.2,EDGE_BASED_DESTRUCTION,COMPLETE_BASED_RECONSTRUCTION,0,4,,,
w_zachary.txt,34,95,0.1,160,0.2,CONTRIBUTION_BASED_DESTRUCTION,RANDOM_BASED_RECONSTRUCTION,1,4,,,
w_zachary.txt,34,95,0.1,160,0.2,CONTRIBUTION_BASED_DESTRUCTION,EDGE_BASED_RECONSTRUCTION,0,4,,,
w_zachary.txt,34,95,0.1,160,0.2,CONTRIBUTION_BASED_DESTRUCTION,CONTRIBUTION_BASED_RECONSTRUCTION,1,4,,,
w_zachary.txt,34,95,0.1,160,0.2,CONTRIBUTION_BASED_DESTRUCTION,COMPLETE_BASED_RECONSTRUCTION,0,4,,,
w_zachary.txt,34,95,0.1,160,0.2,COMPLETE_BASED_DESTRUCTION,RANDOM_BASED_RECONSTRUCTION,0,4,,,
w_zachary.txt,34,95,0.1,160,0.2,COMPLETE_BASED_DESTRUCTION,EDGE_BASED_RECONSTRUCTION,0,4,,,
w_zachary.txt,34,95,0.1,160,0.2,COMPLETE_BASED_DESTRUCTION,CONTRIBUTION_BASED_RECONSTRUCTION,0,4,,,
w_zachary.txt,34,95,0.1,160,0.2,COMPLETE_BASED_DESTRUCTION,COMPLETE_BASED_RECONSTRUCTION,1,4,,,
w_zachary.txt,34,95,0.25,160,0.2,RANDOM_BASED_DESTRUCTION,RANDOM_BASED_RECONSTRUCTION,1,5,,,
w_zachary.txt,34,95,0.25,160,0.2,RANDOM_BASED_DESTRUCTION,EDGE_BASED_RECONSTRUCTION,1,5,,,
w_zachary.txt,34,95,0.25,160,0.2,RANDOM_BASED_DESTRUCTION,CONTRIBUTION_BASED_RECONSTRUCTION,1,5,,,
w_zachary.txt,34,95,0.25,160,0.2,RANDOM_BASED_DESTRUCTION,COMPLETE_BASED_RECONSTRUCTION,1,5,,,
w_zachary.txt,34,95,0.25,160,0.2,EDGE_BASED_DESTRUCTION,RANDOM_BASED_RECONSTRUCTION,5,5,,,
w_zachary.txt,34,95,0.25,160,0.2,EDGE_BASED_DESTRUCTION,EDGE_BASED_RECONSTRUCTION,1,5,,,
w_zachary.txt,34,95,0.25,160,0.2,EDGE_BASED_DESTRUCTION,CONTRIBUTION_BASED_RECONSTRUCTION,2,5,,,
w_zachary.txt,34,95,0.25,160,0.2,EDGE_BASED_DESTRUCTION,COMPLETE_BASED_RECONSTRUCTION,10,5,,,
w_zachary.txt,34,95,0.25,160,0.2,CONTRIBUTION_BASED_DESTRUCTION,RANDOM_BASED_RECONSTRUCTION,7,5,,,
w_zachary.txt,34,95,0.25,160,0.2,CONTRIBUTION_BASED_DESTRUCTION,EDGE_BASED_RECONSTRUCTION,2,5,,,
w_zachary.txt,34,95,0.25,160,0.2,CONTRIBUTION_BASED_DESTRUCTION,CONTRIBUTION_BASED_RECONSTRUCTION,1,5,,,
w_zachary.txt,34,95,0.25,160,0.2,CONTRIBUTION_BASED_DESTRUCTION,COMPLETE_BASED_RECONSTRUCTION,7,5,,,
w_zachary.txt,34,95,0.25,160,0.2,COMPLETE_BASED_DESTRUCTION,RANDOM_BASED_RECONSTRUCTION,13,5,,,
w_zachary.txt,34,95,0.25,160,0.2,COMPLETE_BASED_DESTRUCTION,EDGE_BASED_RECONSTRUCTION,5,5,,,
w_zachary.txt,34,95,0.25,160,0.2,COMPLETE_BASED_DESTRUCTION,CONTRIBUTION_BASED_RECONSTRUCTION,2,5,,,
w_zachary.txt,34,95,0.25,160,0.2,COMPLETE_BASED_DESTRUCTION,COMPLETE_BASED_RECONSTRUCTION,9,5,,,
w_zachary.txt,34,95,0.5,160,0.2,RANDOM_BASED_DESTRUCTION,RANDOM_BASED_RECONSTRUCTION,3,8,,,
w_zachary.txt,34,95,0.5,160,0.2,RANDOM_BASED_DESTRUCTION,EDGE_BASED_RECONSTRUCTION,1,8,,,
w_zachary.txt,34,95,0.5,160,0.2,RANDOM_BASED_DESTRUCTION,CONTRIBUTION_BASED_RECONSTRUCTION,1,8,,,
w_zachary.txt,34,95,0.5,160,0.2,RANDOM_BASED_DESTRUCTION,COMPLETE_BASED_RECONSTRUCTION,5,8,,,
w_zachary.txt,34,95,0.5,160,0.2,EDGE_BASED_DESTRUCTION,RANDOM_BASED_RECONSTRUCTION,17,8,,,
w_zachary.txt,34,95,0.5,160,0.2,EDGE_BASED_DESTRUCTION,EDGE_BASED_RECONSTRUCTION,1,8,,,
w_zachary.txt,34,95,0.5,160,0.2,EDGE_BASED_DESTRUCTION,CONTRIBUTION_BASED_RECONSTRUCTION,1,8,,,
w_zachary.txt,34,95,0.5,160,0.2,EDGE_BASED_DESTRUCTION,COMPLETE_BASED_RECONSTRUCTION,9,8,,,
w_zachary.txt,34,95,0.5,160,0.2,CONTRIBUTION_BASED_DESTRUCTION,RANDOM_BASED_RECONSTRUCTION,19,8,,,
w_zachary.txt,34,95,0.5,160,0.2,CONTRIBUTION_BASED_DESTRUCTION,EDGE_BASED_RECONSTRUCTION,2,8,,,
w_zachary.txt,34,95,0.5,160,0.2,CONTRIBUTION_BASED_DESTRUCTION,CONTRIBUTION_BASED_RECONSTRUCTION,2,8,,,
w_zachary.txt,34,95,0.5,160,0.2,CONTRIBUTION_BASED_DESTRUCTION,COMPLETE_BASED_RECONSTRUCTION,9,8,,,
w_zachary.txt,34,95,0.5,160,0.2,COMPLETE_BASED_DESTRUCTION,RANDOM_BASED_RECONSTRUCTION,19,8,,,
w_zachary.txt,34,95,0.5,160,0.2,COMPLETE_BASED_DESTRUCTION,EDGE_BASED_RECONSTRUCTION,2,8,,,
w_zachary.txt,34,95,0.5,160,0.2,COMPLETE_BASED_DESTRUCTION,CONTRIBUTION_BASED_RECONSTRUCTION,2,8,,,
w_zachary.txt,34,95,0.5,160,0.2,COMPLETE_BASED_DESTRUCTION,COMPLETE_BASED_RECONSTRUCTION,11,8,,,
w_zachary.txt,34,95,0.75,160,0.2,RANDOM_BASED_DESTRUCTION,RANDOM_BASED_RECONSTRUCTION,10,11,,,
w_zachary.txt,34,95,0.75,160,0.2,RANDOM_BASED_DESTRUCTION,EDGE_BASED_RECONSTRUCTION,2,11,,,
w_zachary.txt,34,95,0.75,160,0.2,RANDOM_BASED_DESTRUCTION,CONTRIBUTION_BASED_RECONSTRUCTION,3,12,,,
w_zachary.txt,34,95,0.75,160,0.2,RANDOM_BASED_DESTRUCTION,COMPLETE_BASED_RECONSTRUCTION,14,11,,,
w_zachary.txt,34,95,0.75,160,0.2,EDGE_BASED_DESTRUCTION,RANDOM_BASED_RECONSTRUCTION,17,12,,,
w_zachary.txt,34,95,0.75,160,0.2,EDGE_BASED_DESTRUCTION,EDGE_BASED_RECONSTRUCTION,2,12,,,
w_zachary.txt,34,95,0.75,160,0.2,EDGE_BASED_DESTRUCTION,CONTRIBUTION_BASED_RECONSTRUCTION,2,11,,,
w_zachary.txt,34,95,0.75,160,0.2,EDGE_BASED_DESTRUCTION,COMPLETE_BASED_RECONSTRUCTION,15,11,,,
w_zachary.txt,34,95,0.75,160,0.2,CONTRIBUTION_BASED_DESTRUCTION,RANDOM_BASED_RECONSTRUCTION,19,11,,,
w_zachary.txt,34,95,0.75,160,0.2,CONTRIBUTION_BASED_DESTRUCTION,EDGE_BASED_RECONSTRUCTION,4,11,,,
w_zachary.txt,34,95,0.75,160,0.2,CONTRIBUTION_BASED_DESTRUCTION,CONTRIBUTION_BASED_RECONSTRUCTION,6,11,,,
w_zachary.txt,34,95,0.75,160,0.2,CONTRIBUTION_BASED_DESTRUCTION,COMPLETE_BASED_RECONSTRUCTION,21,11,,,
w_zachary.txt,34,95,0.75,160,0.2,COMPLETE_BASED_DESTRUCTION,RANDOM_BASED_RECONSTRUCTION,23,11,,,
w_zachary.txt,34,95,0.75,160,0.2,COMPLETE_BASED_DESTRUCTION,EDGE_BASED_RECONSTRUCTION,6,11,,,
w_zachary.txt,34,95,0.75,160,0.2,COMPLETE_BASED_DESTRUCTION,CONTRIBUTION_BASED_RECONSTRUCTION,5,11,,,
w_zachary.txt,34,95,0.75,160,0.2,COMPLETE_BASED_DESTRUCTION,COMPLETE_BASED_RECONSTRUCTION,14,11,,,
w_zachary.txt,34,95,1.0,160,0.2,RANDOM_BASED_DESTRUCTION,RANDOM_BASED_RECONSTRUCTION,14,15,,,
w_zachary.txt,34,95,1.0,160,0.2,RANDOM_BASED_DESTRUCTION,EDGE_BASED_RECONSTRUCTION,3,15,,,
w_zachary.txt,34,95,1.0,160,0.2,RANDOM_BASED_DESTRUCTION,CONTRIBUTION_BASED_RECONSTRUCTION,4,15,,,
w_zachary.txt,34,95,1.0,160,0.2,RANDOM_BASED_DESTRUCTION,COMPLETE_BASED_RECONSTRUCTION,28,15,,,
w_zachary.txt,34,95,1.0,160,0.2,EDGE_BASED_DESTRUCTION,RANDOM_BASED_RECONSTRUCTION,19,15,,,
w_zachary.txt,34,95,1.0,160,0.2,EDGE_BASED_DESTRUCTION,EDGE_BASED_RECONSTRUCTION,5,15,,,
w_zachary.txt,34,95,1.0,160,0.2,EDGE_BASED_DESTRUCTION,CONTRIBUTION_BASED_RECONSTRUCTION,4,15,,,
w_zachary.txt,34,95,1.0,160,0.2,EDGE_BASED_DESTRUCTION,COMPLETE_BASED_RECONSTRUCTION,37,15,,,
w_zachary.txt,34,95,1.0,160,0.2,CONTRIBUTION_BASED_DESTRUCTION,RANDOM_BASED_RECONSTRUCTION,21,15,,,
w_zachary.txt,34,95,1.0,160,0.2,CONTRIBUTION_BASED_DESTRUCTION,EDGE_BASED_RECONSTRUCTION,8,15,,,
w_zachary.txt,34,95,1.0,160,0.2,CONTRIBUTION_BASED_DESTRUCTION,CONTRIBUTION_BASED_RECONSTRUCTION,6,15,,,
w_zachary.txt,34,95,1.0,160,0.2,CONTRIBUTION_BASED_DESTRUCTION,COMPLETE_BASED_RECONSTRUCTION,34,15,,,
w_zachary.txt,34,95,1.0,160,0.2,COMPLETE_BASED_DESTRUCTION,RANDOM_BASED_RECONSTRUCTION,30,15,,,
w_zachary.txt,34,95,1.0,160,0.2,COMPLETE_BASED_DESTRUCTION,EDGE_BASED_RECONSTRUCTION,10,15,,,
w_zachary.txt,34,95,1.0,160,0.2,COMPLETE_BASED_DESTRUCTION,CONTRIBUTION_BASED_RECONSTRUCTION,13,15,,,
w_zachary.txt,34,95,1.0,160,0.2,COMPLETE_BASED_DESTRUCTION,COMPLETE_BASED_RECONSTRUCTION,28,15,,,