filename,kWeight,gap,runtime(ms),size,optimal?
w_rnd_graph_1000_20_1.txt,0.1,0.6,108000.01,15,FALSE
w_rnd_graph_1000_20_1.txt,0.25,0.63,108000.01,16,FALSE
w_rnd_graph_1000_20_1.txt,0.5,0.63,108000.02,19,FALSE
w_rnd_graph_1000_20_1.txt,0.75,0.65,108000.02,23,FALSE
w_rnd_graph_1000_20_1.txt,1,0.62,108000.02,28,FALSE
w_rnd_graph_1000_20_2.txt,0.1,0.60,108000.01,15,FALSE
w_rnd_graph_1000_20_2.txt,0.25,0.65,108000.01,17,FALSE
w_rnd_graph_1000_20_2.txt,0.5,0.63,108000.02,19,FALSE
w_rnd_graph_1000_20_2.txt,0.75,0.65,108000.02,23,FALSE
w_rnd_graph_1000_20_2.txt,1,0.60,108000.02,28,FALSE
w_rnd_graph_1000_20_3.txt,0.1,0.60,108000.01,15,FALSE
w_rnd_graph_1000_20_3.txt,0.25,0.65,108000.01,17,FALSE
w_rnd_graph_1000_20_3.txt,0.5,0.65,108000.02,20,FALSE
w_rnd_graph_1000_20_3.txt,0.75,0.65,108000.02,23,FALSE
w_rnd_graph_1000_20_3.txt,1,0.62,108000.02,28,FALSE
w_rnd_graph_1000_20_4.txt,0.1,0.60,108000.01,15,FALSE
w_rnd_graph_1000_20_4.txt,0.25,0.65,108000.01,17,FALSE
w_rnd_graph_1000_20_4.txt,0.5,0.65,108000.02,20,FALSE
w_rnd_graph_1000_20_4.txt,0.75,0.65,108000.02,23,FALSE
w_rnd_graph_1000_20_4.txt,1,0.60,108000.02,29,FALSE
w_rnd_graph_1000_30_1.txt,0.1,0.60,108000.03,10,FALSE
w_rnd_graph_1000_30_1.txt,0.25,0.67,108000.01,12,FALSE
w_rnd_graph_1000_30_1.txt,0.5,0.64,108000.01,14,FALSE
w_rnd_graph_1000_30_1.txt,0.75,0.63,108000.01,16,FALSE
w_rnd_graph_1000_30_1.txt,1,0.61,108000.01,19,FALSE
w_rnd_graph_1000_30_2.txt,0.1,0.60,108000.02,10,FALSE
w_rnd_graph_1000_30_2.txt,0.25,0.67,108000.01,12,FALSE
w_rnd_graph_1000_30_2.txt,0.5,0.64,108000.01,14,FALSE
w_rnd_graph_1000_30_2.txt,0.75,0.65,108000.01,17,FALSE
w_rnd_graph_1000_30_2.txt,1,0.61,108000.01,19,FALSE
w_rnd_graph_1000_30_3.txt,0.1,0.64,108000.01,11,FALSE
w_rnd_graph_1000_30_3.txt,0.25,0.67,108000.01,12,FALSE
w_rnd_graph_1000_30_3.txt,0.5,0.64,108000.02,14,FALSE
w_rnd_graph_1000_30_3.txt,0.75,0.65,108000.01,17,FALSE
w_rnd_graph_1000_30_3.txt,1,0.61,108000.02,19,FALSE
w_rnd_graph_1000_30_4.txt,0.1,0.60,108000.01,10,FALSE
w_rnd_graph_1000_30_4.txt,0.25,0.67,108000.0,12,FALSE
w_rnd_graph_1000_30_4.txt,0.5,0.62,108000.01,13,FALSE
w_rnd_graph_1000_30_4.txt,0.75,0.65,108000.01,17,FALSE
w_rnd_graph_1000_30_4.txt,1,0.61,108000.02,20,FALSE
w_rnd_graph_1000_40_1.txt,0.1,0.63,108000.01,8,FALSE
w_rnd_graph_1000_40_1.txt,0.25,0.67,108000.02,9,FALSE
w_rnd_graph_1000_40_1.txt,0.5,0.60,108000.01,10,FALSE
w_rnd_graph_1000_40_1.txt,0.75,0.67,108000.02,13,FALSE
w_rnd_graph_1000_40_1.txt,1,0.64,108000.02,15,FALSE
w_rnd_graph_1000_40_2.txt,0.1,0.63,108000.01,8,FALSE
w_rnd_graph_1000_40_2.txt,0.25,0.67,108000.02,9,FALSE
w_rnd_graph_1000_40_2.txt,0.5,0.60,108000.01,10,FALSE
w_rnd_graph_1000_40_2.txt,0.75,0.69,108000.01,13,FALSE
w_rnd_graph_1000_40_2.txt,1,0.64,108000.01,15,FALSE
w_rnd_graph_1000_40_3.txt,0.1,0.57,108000.04,7,FALSE
w_rnd_graph_1000_40_3.txt,0.25,0.67,108000.02,9,FALSE
w_rnd_graph_1000_40_3.txt,0.5,0.64,108000.02,11,FALSE
w_rnd_graph_1000_40_3.txt,0.75,0.69,108000.01,13,FALSE
w_rnd_graph_1000_40_3.txt,1,0.64,108000.01,15,FALSE
w_rnd_graph_1000_40_4.txt,0.1,0.63,108000.03,8,FALSE
w_rnd_graph_1000_40_4.txt,0.25,0.67,108000.01,9,FALSE
w_rnd_graph_1000_40_4.txt,0.5,0.60,108000.01,10,FALSE
w_rnd_graph_1000_40_4.txt,0.75,0.67,108000.02,13,FALSE
w_rnd_graph_1000_40_4.txt,1,0.64,108000.01,15,FALSE
w_rnd_graph_1000_50_1.txt,0.1,0.50,108000.02,6,FALSE
w_rnd_graph_1000_50_1.txt,0.25,0.57,108000.01,7,FALSE
w_rnd_graph_1000_50_1.txt,0.5,0.63,108000.01,8,FALSE
w_rnd_graph_1000_50_1.txt,0.75,0.60,108000.01,10,FALSE
w_rnd_graph_1000_50_1.txt,1,0.64,108000.01,11,FALSE
w_rnd_graph_1000_50_2.txt,0.1,0.50,108000.02,6,FALSE
w_rnd_graph_1000_50_2.txt,0.25,0.57,108000.01,7,FALSE
w_rnd_graph_1000_50_2.txt,0.5,0.63,108000.01,8,FALSE
w_rnd_graph_1000_50_2.txt,0.75,0.60,108000.01,10,FALSE
w_rnd_graph_1000_50_2.txt,1,0.64,108000.01,13,FALSE
w_rnd_graph_1000_50_3.txt,0.1,0.50,108000.07,6,FALSE
w_rnd_graph_1000_50_3.txt,0.25,0.57,108000.01,7,FALSE
w_rnd_graph_1000_50_3.txt,0.5,0.63,108000.01,8,FALSE
w_rnd_graph_1000_50_3.txt,0.75,0.60,108000.01,10,FALSE
w_rnd_graph_1000_50_3.txt,1,0.64,108000.01,11,FALSE
w_rnd_graph_1000_50_4.txt,0.1,0.50,108000.07,6,FALSE
w_rnd_graph_1000_50_4.txt,0.25,0.57,108000.01,7,FALSE
w_rnd_graph_1000_50_4.txt,0.5,0.63,108000.02,8,FALSE
w_rnd_graph_1000_50_4.txt,0.75,0.60,108000.01,10,FALSE
w_rnd_graph_1000_50_4.txt,1,0.64,108000.0,11,FALSE
w_rnd_graph_2000_20_1.txt,0.1,0.68,108000.04,19,FALSE
w_rnd_graph_2000_20_1.txt,0.25,0.71,108000.03,21,FALSE
w_rnd_graph_2000_20_1.txt,0.5,0.70,108000.16,23,FALSE
w_rnd_graph_2000_20_1.txt,0.75,0.71,108000.18,28,FALSE
w_rnd_graph_2000_20_1.txt,1,0.68,108000.21,32,FALSE
w_rnd_graph_2000_20_2.txt,0.1,0.72,108000.06,18,FALSE
w_rnd_graph_2000_20_2.txt,0.25,0.73,108000.01,22,FALSE
w_rnd_graph_2000_20_2.txt,0.5,0.71,108000.2,24,FALSE
w_rnd_graph_2000_20_2.txt,0.75,0.71,108000.18,28,FALSE
w_rnd_graph_2000_20_2.txt,1,0.67,108000.22,32,FALSE
w_rnd_graph_2000_20_3.txt,0.1,0.68,108000.02,19,FALSE
w_rnd_graph_2000_20_3.txt,0.25,0.71,108000.01,21,FALSE
w_rnd_graph_2000_20_3.txt,0.5,0.70,108000.29,23,FALSE
w_rnd_graph_2000_20_3.txt,0.75,0.70,108000.22,27,FALSE
w_rnd_graph_2000_20_3.txt,1,0.68,108000.2,31,FALSE
w_rnd_graph_2000_20_4.txt,0.1,0.72,108000.02,18,FALSE
w_rnd_graph_2000_20_4.txt,0.25,0.71,108000.01,21,FALSE
w_rnd_graph_2000_20_4.txt,0.5,0.70,108000.24,23,FALSE
w_rnd_graph_2000_20_4.txt,0.75,0.70,108000.36,27,FALSE
w_rnd_graph_2000_20_4.txt,1,0.67,108000.23,33,FALSE
w_rnd_graph_2000_30_1.txt,0.1,0.69,108000.07,13,FALSE
w_rnd_graph_2000_30_1.txt,0.25,0.73,108000.01,15,FALSE
w_rnd_graph_2000_30_1.txt,0.5,0.69,108000.2,16,FALSE
w_rnd_graph_2000_30_1.txt,0.75,0.74,108000.12,19,FALSE
w_rnd_graph_2000_30_1.txt,1,0.67,108000.01,21,FALSE
w_rnd_graph_2000_30_2.txt,0.1,0.67,108000.02,12,FALSE
w_rnd_graph_2000_30_2.txt,0.25,0.73,108000.07,15,FALSE
w_rnd_graph_2000_30_2.txt,0.5,0.71,108000.16,17,FALSE
w_rnd_graph_2000_30_2.txt,0.75,0.75,108000.1,20,FALSE
w_rnd_graph_2000_30_2.txt,1,0.68,108000.12,22,FALSE
w_rnd_graph_2000_30_3.txt,0.1,0.67,108000.03,12,FALSE
w_rnd_graph_2000_30_3.txt,0.25,0.73,108000.01,15,FALSE
w_rnd_graph_2000_30_3.txt,0.5,0.71,108000.14,17,FALSE
w_rnd_graph_2000_30_3.txt,0.75,0.74,108000.01,19,FALSE
w_rnd_graph_2000_30_3.txt,1,0.68,108000.01,22,FALSE
w_rnd_graph_2000_30_4.txt,0.1,0.69,108000.04,13,FALSE
w_rnd_graph_2000_30_4.txt,0.25,0.73,108000.05,15,FALSE
w_rnd_graph_2000_30_4.txt,0.5,0.69,108000.1,16,FALSE
w_rnd_graph_2000_30_4.txt,0.75,0.75,108000.1,20,FALSE
w_rnd_graph_2000_30_4.txt,1,0.68,108000.12,22,FALSE
w_rnd_graph_2000_40_1.txt,0.1,0.67,108000.01,9,FALSE
w_rnd_graph_2000_40_1.txt,0.25,0.73,108000.01,11,FALSE
w_rnd_graph_2000_40_1.txt,0.5,0.67,108000.01,12,FALSE
w_rnd_graph_2000_40_1.txt,0.75,0.73,108000.01,15,FALSE
w_rnd_graph_2000_40_1.txt,1,0.69,108000.01,16,FALSE
w_rnd_graph_2000_40_2.txt,0.1,0.67,108000.01,9,FALSE
w_rnd_graph_2000_40_2.txt,0.25,0.73,108000.01,11,FALSE
w_rnd_graph_2000_40_2.txt,0.5,0.69,108000.07,13,FALSE
w_rnd_graph_2000_40_2.txt,0.75,0.73,108000.01,15,FALSE
w_rnd_graph_2000_40_2.txt,1,0.69,108000.01,16,FALSE
w_rnd_graph_2000_40_3.txt,0.1,0.67,108000.01,9,FALSE
w_rnd_graph_2000_40_3.txt,0.25,0.73,108000.01,11,FALSE
w_rnd_graph_2000_40_3.txt,0.5,0.67,108000.01,12,FALSE
w_rnd_graph_2000_40_3.txt,0.75,0.73,108000.01,15,FALSE
w_rnd_graph_2000_40_3.txt,1,0.69,108000.01,16,FALSE
w_rnd_graph_2000_40_4.txt,0.1,0.67,108000.02,9,FALSE
w_rnd_graph_2000_40_4.txt,0.25,0.73,108000.01,11,FALSE
w_rnd_graph_2000_40_4.txt,0.5,0.69,108000.02,13,FALSE
w_rnd_graph_2000_40_4.txt,0.75,0.73,108000.01,15,FALSE
w_rnd_graph_2000_40_4.txt,1,0.69,108000.01,18,FALSE
w_rnd_graph_2000_50_1.txt,0.1,0.75,108000.03,8,FALSE
w_rnd_graph_2000_50_1.txt,0.25,0.67,108000.01,9,FALSE
w_rnd_graph_2000_50_1.txt,0.5,0.70,108000.03,10,FALSE
w_rnd_graph_2000_50_1.txt,0.75,0.75,108000.01,12,FALSE
w_rnd_graph_2000_50_1.txt,1,0.69,108000.01,13,FALSE
w_rnd_graph_2000_50_2.txt,0.1,0.71,108000.02,7,FALSE
w_rnd_graph_2000_50_2.txt,0.25,0.67,108000.15,9,FALSE
w_rnd_graph_2000_50_2.txt,0.5,0.70,108000.02,10,FALSE
w_rnd_graph_2000_50_2.txt,0.75,0.75,108000.02,12,FALSE
w_rnd_graph_2000_50_2.txt,1,0.69,108000.01,13,FALSE
w_rnd_graph_2000_50_3.txt,0.1,0.63,108000.02,8,FALSE
w_rnd_graph_2000_50_3.txt,0.25,0.63,108000.02,8,FALSE
w_rnd_graph_2000_50_3.txt,0.5,0.70,108000.01,10,FALSE
w_rnd_graph_2000_50_3.txt,0.75,0.75,108000.02,12,FALSE
w_rnd_graph_2000_50_3.txt,1,0.69,108000.01,13,FALSE
w_rnd_graph_2000_50_4.txt,0.1,0.57,108000.04,7,FALSE
w_rnd_graph_2000_50_4.txt,0.25,0.67,108000.1,9,FALSE
w_rnd_graph_2000_50_4.txt,0.5,0.70,108000.01,10,FALSE
w_rnd_graph_2000_50_4.txt,0.75,0.75,108000.02,12,FALSE
w_rnd_graph_2000_50_4.txt,1,0.69,108000.02,13,FALSE
w_rnd_graph_3000_20_1.txt,0.1,0.71,108000.01,26,FALSE
w_rnd_graph_3000_20_1.txt,0.25,0.71,108000.01,30,FALSE
w_rnd_graph_3000_20_1.txt,0.5,0.73,108000.01,33,FALSE
w_rnd_graph_3000_20_1.txt,0.75,0.71,108000.01,37,FALSE
w_rnd_graph_3000_20_1.txt,1,0.72,108000.06,42,FALSE
w_rnd_graph_3000_20_2.txt,0.1,0.72,108000.02,24,FALSE
w_rnd_graph_3000_20_2.txt,0.25,0.72,108000.03,28,FALSE
w_rnd_graph_3000_20_2.txt,0.5,0.71,108000.01,32,FALSE
w_rnd_graph_3000_20_2.txt,0.75,0.73,108000.02,36,FALSE
w_rnd_graph_3000_20_2.txt,1,0.75,108000.01,41,FALSE
w_rnd_graph_3000_20_3.txt,0.1,0.73,108000.01,26,FALSE
w_rnd_graph_3000_20_3.txt,0.25,0.75,108000.01,28,FALSE
w_rnd_graph_3000_20_3.txt,0.5,0.73,108000.01,33,FALSE
w_rnd_graph_3000_20_3.txt,0.75,0.73,108000.02,37,FALSE
w_rnd_graph_3000_20_3.txt,1,0.75,108000.01,39,FALSE
w_rnd_graph_3000_20_4.txt,0.1,0.76,108000.01,24,FALSE
w_rnd_graph_3000_20_4.txt,0.25,0.75,108000.01,29,FALSE
w_rnd_graph_3000_20_4.txt,0.5,0.73,108000.01,32,FALSE
w_rnd_graph_3000_20_4.txt,0.75,0.71,108000.01,36,FALSE
w_rnd_graph_3000_20_4.txt,1,0.71,108000.02,40,FALSE
w_rnd_graph_3000_30_1.txt,0.1,0.75,108000.02,18,FALSE
w_rnd_graph_3000_30_1.txt,0.25,0.73,108000.02,20,FALSE
w_rnd_graph_3000_30_1.txt,0.5,0.75,108000.02,23,FALSE
w_rnd_graph_3000_30_1.txt,0.75,0.73,108000.04,27,FALSE
w_rnd_graph_3000_30_1.txt,1,0.75,108000.02,28,FALSE
w_rnd_graph_3000_30_2.txt,0.1,0.73,108000.02,16,FALSE
w_rnd_graph_3000_30_2.txt,0.25,0.73,108000.02,21,FALSE
w_rnd_graph_3000_30_2.txt,0.5,0.75,108000.02,23,FALSE
w_rnd_graph_3000_30_2.txt,0.75,0.76,108000.04,25,FALSE
w_rnd_graph_3000_30_2.txt,1,0.75,108000.02,28,FALSE
w_rnd_graph_3000_30_3.txt,0.1,0.73,108000.02,17,FALSE
w_rnd_graph_3000_30_3.txt,0.25,0.76,108000.04,20,FALSE
w_rnd_graph_3000_30_3.txt,0.5,0.75,108000.02,23,FALSE
w_rnd_graph_3000_30_3.txt,0.75,0.73,108000.02,25,FALSE
w_rnd_graph_3000_30_3.txt,1,0.75,108000.02,27,FALSE
w_rnd_graph_3000_30_4.txt,0.1,0.74,108000.02,17,FALSE
w_rnd_graph_3000_30_4.txt,0.25,0.73,108000.02,20,FALSE
w_rnd_graph_3000_30_4.txt,0.5,0.69,108000.02,21,FALSE
w_rnd_graph_3000_30_4.txt,0.75,0.71,108000.02,26,FALSE
w_rnd_graph_3000_30_4.txt,1,0.71,108000.02,28,FALSE
w_rnd_graph_3000_40_1.txt,0.1,0.73,108000.02,13,FALSE
w_rnd_graph_3000_40_1.txt,0.25,0.71,108000.02,14,FALSE
w_rnd_graph_3000_40_1.txt,0.5,0.72,108000.03,16,FALSE
w_rnd_graph_3000_40_1.txt,0.75,0.73,108000.02,18,FALSE
w_rnd_graph_3000_40_1.txt,1,0.75,108000.02,20,FALSE
w_rnd_graph_3000_40_2.txt,0.1,0.73,108000.02,13,FALSE
w_rnd_graph_3000_40_2.txt,0.25,0.75,108000.02,15,FALSE
w_rnd_graph_3000_40_2.txt,0.5,0.69,108000.02,16,FALSE
w_rnd_graph_3000_40_2.txt,0.75,0.71,108000.05,18,FALSE
w_rnd_graph_3000_40_2.txt,1,0.71,108000.02,21,FALSE
w_rnd_graph_3000_40_3.txt,0.1,0.73,108000.05,11,FALSE
w_rnd_graph_3000_40_3.txt,0.25,0.73,108000.02,14,FALSE
w_rnd_graph_3000_40_3.txt,0.5,0.75,108000.07,18,FALSE
w_rnd_graph_3000_40_3.txt,0.75,0.73,108000.02,18,FALSE
w_rnd_graph_3000_40_3.txt,1,0.73,108000.02,21,FALSE
w_rnd_graph_3000_40_4.txt,0.1,0.74,108000.02,12,FALSE
w_rnd_graph_3000_40_4.txt,0.25,0.74,108000.02,14,FALSE
w_rnd_graph_3000_40_4.txt,0.5,0.75,108000.02,17,FALSE
w_rnd_graph_3000_40_4.txt,0.75,0.73,108000.02,18,FALSE
w_rnd_graph_3000_40_4.txt,1,0.75,108000.07,20,FALSE
w_rnd_graph_3000_50_1.txt,0.1,0.69,108000.02,9,FALSE
w_rnd_graph_3000_50_1.txt,0.25,0.76,108000.02,11,FALSE
w_rnd_graph_3000_50_1.txt,0.5,0.75,108000.03,12,FALSE
w_rnd_graph_3000_50_1.txt,0.75,0.73,108000.03,14,FALSE
w_rnd_graph_3000_50_1.txt,1,0.71,108000.03,16,FALSE
w_rnd_graph_3000_50_2.txt,0.1,0.75,108000.03,10,FALSE
w_rnd_graph_3000_50_2.txt,0.25,0.73,108000.03,11,FALSE
w_rnd_graph_3000_50_2.txt,0.5,0.75,108000.02,13,FALSE
w_rnd_graph_3000_50_2.txt,0.75,0.70,108000.04,14,FALSE
w_rnd_graph_3000_50_2.txt,1,0.73,108000.08,16,FALSE
w_rnd_graph_3000_50_3.txt,0.1,0.75,108000.02,9,FALSE
w_rnd_graph_3000_50_3.txt,0.25,0.73,108000.02,12,FALSE
w_rnd_graph_3000_50_3.txt,0.5,0.73,108000.02,12,FALSE
w_rnd_graph_3000_50_3.txt,0.75,0.75,108000.02,15,FALSE
w_rnd_graph_3000_50_3.txt,1,0.73,108000.02,16,FALSE
w_rnd_graph_3000_50_4.txt,0.1,0.75,108000.06,9,FALSE
w_rnd_graph_3000_50_4.txt,0.25,0.74,108000.03,11,FALSE
w_rnd_graph_3000_50_4.txt,0.5,0.75,108000.02,13,FALSE
w_rnd_graph_3000_50_4.txt,0.75,0.73,108000.04,15,FALSE
w_rnd_graph_3000_50_4.txt,1,0.75,108000.03,16,FALSE
w_rnd_graph_4000_20_1.txt,0.1,0.73,108000.02,26,FALSE
w_rnd_graph_4000_20_1.txt,0.25,0.74,108000.02,29,FALSE
w_rnd_graph_4000_20_1.txt,0.5,0.75,108000.02,34,FALSE
w_rnd_graph_4000_20_1.txt,0.75,0.73,108000.02,37,FALSE
w_rnd_graph_4000_20_1.txt,1,0.75,108000.02,43,FALSE
w_rnd_graph_4000_20_2.txt,0.1,0.74,108000.02,26,FALSE
w_rnd_graph_4000_20_2.txt,0.25,0.74,108000.02,32,FALSE
w_rnd_graph_4000_20_2.txt,0.5,0.74,108000.02,32,FALSE
w_rnd_graph_4000_20_2.txt,0.75,0.78,108000.02,38,FALSE
w_rnd_graph_4000_20_2.txt,1,0.72,108000.02,42,FALSE
w_rnd_graph_4000_20_3.txt,0.1,0.73,108000.02,27,FALSE
w_rnd_graph_4000_20_3.txt,0.25,0.78,108000.02,29,FALSE
w_rnd_graph_4000_20_3.txt,0.5,0.73,108000.02,33,FALSE
w_rnd_graph_4000_20_3.txt,0.75,0.73,108000.02,40,FALSE
w_rnd_graph_4000_20_3.txt,1,0.75,108000.08,43,FALSE
w_rnd_graph_4000_20_4.txt,0.1,0.78,108000.02,28,FALSE
w_rnd_graph_4000_20_4.txt,0.25,0.74,108000.02,29,FALSE
w_rnd_graph_4000_20_4.txt,0.5,0.75,108000.02,34,FALSE
w_rnd_graph_4000_20_4.txt,0.75,0.75,108000.02,38,FALSE
w_rnd_graph_4000_20_4.txt,1,0.78,108000.02,42,FALSE
w_rnd_graph_4000_30_1.txt,0.1,0.75,108000.03,18,FALSE
w_rnd_graph_4000_30_1.txt,0.25,0.73,108000.03,21,FALSE
w_rnd_graph_4000_30_1.txt,0.5,0.75,108000.06,24,FALSE
w_rnd_graph_4000_30_1.txt,0.75,0.73,108000.03,26,FALSE
w_rnd_graph_4000_30_1.txt,1,0.75,108000.03,29,FALSE
w_rnd_graph_4000_30_2.txt,0.1,0.71,108000.03,18,FALSE
w_rnd_graph_4000_30_2.txt,0.25,0.75,108000.03,21,FALSE
w_rnd_graph_4000_30_2.txt,0.5,0.76,108000.03,23,FALSE
w_rnd_graph_4000_30_2.txt,0.75,0.78,108000.03,27,FALSE
w_rnd_graph_4000_30_2.txt,1,0.73,108000.03,28,FALSE
w_rnd_graph_4000_30_3.txt,0.1,0.76,108000.03,17,FALSE
w_rnd_graph_4000_30_3.txt,0.25,0.75,108000.03,20,FALSE
w_rnd_graph_4000_30_3.txt,0.5,0.74,108000.03,24,FALSE
w_rnd_graph_4000_30_3.txt,0.75,0.74,108000.03,27,FALSE
w_rnd_graph_4000_30_3.txt,1,0.73,108000.02,29,FALSE
w_rnd_graph_4000_30_4.txt,0.1,0.73,108000.02,17,FALSE
w_rnd_graph_4000_30_4.txt,0.25,0.75,108000.03,20,FALSE
w_rnd_graph_4000_30_4.txt,0.5,0.75,108000.03,22,FALSE
w_rnd_graph_4000_30_4.txt,0.75,0.76,108000.03,26,FALSE
w_rnd_graph_4000_30_4.txt,1,0.75,108000.07,29,FALSE
w_rnd_graph_4000_40_1.txt,0.1,0.76,108000.04,13,FALSE
w_rnd_graph_4000_40_1.txt,0.25,0.73,108000.04,15,FALSE
w_rnd_graph_4000_40_1.txt,0.5,0.75,108000.03,16,FALSE
w_rnd_graph_4000_40_1.txt,0.75,0.74,108000.06,21,FALSE
w_rnd_graph_4000_40_1.txt,1,0.78,108000.04,21,FALSE
w_rnd_graph_4000_40_2.txt,0.1,0.73,108000.04,13,FALSE
w_rnd_graph_4000_40_2.txt,0.25,0.75,108000.1,14,FALSE
w_rnd_graph_4000_40_2.txt,0.5,0.75,108000.04,16,FALSE
w_rnd_graph_4000_40_2.txt,0.75,0.75,108000.04,21,FALSE
w_rnd_graph_4000_40_2.txt,1,0.76,108000.04,21,FALSE
w_rnd_graph_4000_40_3.txt,0.1,0.75,108000.03,14,FALSE
w_rnd_graph_4000_40_3.txt,0.25,0.75,108000.04,16,FALSE
w_rnd_graph_4000_40_3.txt,0.5,0.75,108000.03,18,FALSE
w_rnd_graph_4000_40_3.txt,0.75,0.73,108000.04,20,FALSE
w_rnd_graph_4000_40_3.txt,1,0.75,108000.04,22,FALSE
w_rnd_graph_4000_40_4.txt,0.1,0.75,108000.07,13,FALSE
w_rnd_graph_4000_40_4.txt,0.25,0.73,108000.03,14,FALSE
w_rnd_graph_4000_40_4.txt,0.5,0.75,108000.03,17,FALSE
w_rnd_graph_4000_40_4.txt,0.75,0.70,108000.03,21,FALSE
w_rnd_graph_4000_40_4.txt,1,0.71,108000.04,22,FALSE
w_rnd_graph_4000_50_1.txt,0.1,0.75,108000.04,9,FALSE
w_rnd_graph_4000_50_1.txt,0.25,0.71,108000.04,12,FALSE
w_rnd_graph_4000_50_1.txt,0.5,0.75,108000.04,13,FALSE
w_rnd_graph_4000_50_1.txt,0.75,0.76,108000.04,15,FALSE
w_rnd_graph_4000_50_1.txt,1,0.75,108000.04,17,FALSE
w_rnd_graph_4000_50_2.txt,0.1,0.73,108000.04,10,FALSE
w_rnd_graph_4000_50_2.txt,0.25,0.75,108000.04,12,FALSE
w_rnd_graph_4000_50_2.txt,0.5,0.73,108000.04,13,FALSE
w_rnd_graph_4000_50_2.txt,0.75,0.74,108000.04,16,FALSE
w_rnd_graph_4000_50_2.txt,1,0.74,108000.04,17,FALSE
w_rnd_graph_4000_50_3.txt,0.1,0.73,108000.04,12,FALSE
w_rnd_graph_4000_50_3.txt,0.25,0.75,108000.04,12,FALSE
w_rnd_graph_4000_50_3.txt,0.5,0.73,108000.04,13,FALSE
w_rnd_graph_4000_50_3.txt,0.75,0.71,108000.04,16,FALSE
w_rnd_graph_4000_50_3.txt,1,0.72,108000.04,17,FALSE
w_rnd_graph_4000_50_4.txt,0.1,0.73,108000.04,11,FALSE
w_rnd_graph_4000_50_4.txt,0.25,0.75,108000.04,12,FALSE
w_rnd_graph_4000_50_4.txt,0.5,0.73,108000.04,14,FALSE
w_rnd_graph_4000_50_4.txt,0.75,0.71,108000.04,15,FALSE
w_rnd_graph_4000_50_4.txt,1,0.72,108000.04,17,FALSE
w_rnd_graph_500_20_2.txt,0.1,0.42,108000.01,12,FALSE
w_rnd_graph_500_20_2.txt,0.25,0.50,108000.02,14,FALSE
w_rnd_graph_500_20_2.txt,0.5,0.50,108000.04,16,FALSE
w_rnd_graph_500_20_2.txt,0.75,0.55,108000.01,22,FALSE
w_rnd_graph_500_20_2.txt,1,0.50,108000.01,24,FALSE
w_rnd_graph_500_20_3.txt,0.1,0.42,108000.0,13,FALSE
w_rnd_graph_500_20_3.txt,0.25,0.50,108000.0,14,FALSE
w_rnd_graph_500_20_3.txt,0.5,0.50,108000.0,18,FALSE
w_rnd_graph_500_20_3.txt,0.75,0.53,108000.0,19,FALSE
w_rnd_graph_500_20_3.txt,1,0.50,108000.0,24,FALSE
w_rnd_graph_500_20_4.txt,0.1,0.42,108000.01,12,FALSE
w_rnd_graph_500_20_4.txt,0.25,0.46,108000.01,14,FALSE
w_rnd_graph_500_20_4.txt,0.5,0.53,108000.01,17,FALSE
w_rnd_graph_500_20_4.txt,0.75,0.53,108000.03,21,FALSE
w_rnd_graph_500_20_4.txt,1,0.50,108000.0,23,FALSE
w_rnd_graph_500_30_2.txt,0.1,0.38,108000.01,8,FALSE
w_rnd_graph_500_30_2.txt,0.25,0.60,108000.01,10,FALSE
w_rnd_graph_500_30_2.txt,0.5,0.55,108000.01,11,FALSE
w_rnd_graph_500_30_2.txt,0.75,0.57,108000.01,14,FALSE
w_rnd_graph_500_30_2.txt,1,0.53,108000.01,15,FALSE
w_rnd_graph_500_30_3.txt,0.1,0.38,108000.01,9,FALSE
w_rnd_graph_500_30_3.txt,0.25,0.50,108000.01,10,FALSE
w_rnd_graph_500_30_3.txt,0.5,0.55,108000.0,11,FALSE
w_rnd_graph_500_30_3.txt,0.75,0.54,108000.01,14,FALSE
w_rnd_graph_500_30_3.txt,1,0.53,108000.0,17,FALSE
w_rnd_graph_500_30_4.txt,0.1,0.38,108000.01,9,FALSE
w_rnd_graph_500_30_4.txt,0.25,0.50,108000.07,10,FALSE
w_rnd_graph_500_30_4.txt,0.5,0.55,108000.02,11,FALSE
w_rnd_graph_500_30_4.txt,0.75,0.54,108000.0,15,FALSE
w_rnd_graph_500_30_4.txt,1,0.56,108000.0,18,FALSE
w_rnd_graph_500_40_2.txt,0.1,0.50,108000.02,9,FALSE
w_rnd_graph_500_40_2.txt,0.25,0.57,108000.01,9,FALSE
w_rnd_graph_500_40_2.txt,0.5,0.56,108000.01,11,FALSE
w_rnd_graph_500_40_2.txt,0.75,0.55,108000.01,14,FALSE
w_rnd_graph_500_40_2.txt,1,0.58,108000.01,18,FALSE
w_rnd_graph_500_40_3.txt,0.1,0.50,108000.02,8,FALSE
w_rnd_graph_500_40_3.txt,0.25,0.57,108000.02,9,FALSE
w_rnd_graph_500_40_3.txt,0.5,0.56,108000.03,11,FALSE
w_rnd_graph_500_40_3.txt,0.75,0.50,108000.01,15,FALSE
w_rnd_graph_500_40_3.txt,1,0.58,108000.0,17,FALSE
w_rnd_graph_500_40_4.txt,0.1,0.57,108000.06,7,FALSE
w_rnd_graph_500_40_4.txt,0.25,0.63,108000.05,8,FALSE
w_rnd_graph_500_40_4.txt,0.5,0.56,108000.0,9,FALSE
w_rnd_graph_500_40_4.txt,0.75,0.55,108000.0,11,FALSE
w_rnd_graph_500_40_4.txt,1,0.58,108000.01,13,FALSE
w_rnd_graph_500_50_2.txt,0.1,0.40,108000.01,6,FALSE
w_rnd_graph_500_50_2.txt,0.25,0.50,108000.02,8,FALSE
w_rnd_graph_500_50_2.txt,0.5,0.43,108000.01,9,FALSE
w_rnd_graph_500_50_2.txt,0.75,0.56,108000.01,11,FALSE
w_rnd_graph_500_50_2.txt,1,0.56,108000.01,12,FALSE
w_rnd_graph_500_50_3.txt,0.1,0.40,108000.01,6,FALSE
w_rnd_graph_500_50_3.txt,0.25,0.50,108000.01,7,FALSE
w_rnd_graph_500_50_3.txt,0.5,0.57,108000.02,8,FALSE
w_rnd_graph_500_50_3.txt,0.75,0.50,108000.01,8,FALSE
w_rnd_graph_500_50_3.txt,1,0.60,108000.01,10,FALSE
w_rnd_graph_500_50_4.txt,0.1,0.40,108000.04,5,FALSE
w_rnd_graph_500_50_4.txt,0.25,0.50,108000.2,7,FALSE
w_rnd_graph_500_50_4.txt,0.5,0.57,108000.02,9,FALSE
w_rnd_graph_500_50_4.txt,0.75,0.50,108000.01,10,FALSE
w_rnd_graph_500_50_4.txt,1,0.60,108000.01,10,FALSE